id,image_id,prediction_string
0,0,0.515892 894.05 186.30 9.02 41.00 0.431184 208.99 674.06 16.14 48.45
1,1, 
2,10,0.668415 5.05 17.86 37.02 58.52 0.250626 28.97 578.73 11.72 83.73
3,100,0.271004 998.13 769.84 21.64 52.82
4,1000, 
5,1001, 
6,1002, 
7,1003, 
8,1004, 
9,1005, 
10,1006,0.572172 256.65 819.69 56.29 39.11
11,1007, 
12,1008, 
13,1009, 
14,101, 
15,1010, 
16,1011,0.442268 190.20 375.64 38.62 44.20
17,1012,0.213934 107.89 796.51 50.04 78.44
18,1013,0.394000 828.60 395.60 66.72 35.72 0.287189 487.11 345.89 24.95 58.99
19,1014, 
20,1015,0.616246 610.44 402.21 8.90 62.82
21,1016,0.500394 421.09 664.91 32.48 61.34
22,1017,0.369378 456.11 327.32 22.47 17.43
23,1018,0.328816 464.12 613.87 26.44 49.75
24,1019, 
25,102,0.228306 55.58 325.37 22.87 28.48
26,1020,0.660165 639.73 506.97 9.67 46.62 0.525034 651.61 942.63 53.83 14.79
27,1021,0.407875 805.86 394.08 23.12 31.87
28,1022,0.332237 740.31 848.64 33.25 46.71 0.221378 63.14 539.37 38.81 15.00
29,1023,0.310232 94.24 78.77 11.68 41.93
30,1024,0.225475 542.54 925.99 14.55 60.38
31,1025, 
32,1026, 
33,1027, 
34,1028,0.215547 499.18 40.14 11.61 44.88
35,1029,0.214454 371.93 607.08 18.56 40.58
36,103,0.616938 182.98 331.06 45.29 14.28
37,1030, 
38,1031,0.502322 586.70 800.37 95.64 29.05 0.263714 673.08 358.39 19.60 60.10
39,1032, 
40,1033, 
41,1034,0.420022 241.32 830.05 51.89 27.97
42,1035,0.503311 565.28 407.88 12.43 42.64 0.366570 365.75 166.45 8.14 39.45
43,1036,0.414396 169.25 989.01 41.61 33.16
44,1037, 
45,1038,0.244047 149.02 9.18 20.99 20.99
46,1039, 
47,104,0.479804 680.43 51.10 15.20 48.02
48,1040,0.280823 853.70 105.80 29.44 116.95
49,1041, 
50,1042,0.500442 832.63 878.88 37.00 17.66 0.281593 676.96 87.22 30.49 42.16
51,1043, 
52,1044, 
53,1045,0.246887 480.46 825.21 14.09 62.62
54,1046, 
55,1047,0.305639 898.56 965.91 35.78 9.45 0.303108 268.15 368.50 15.30 28.29
56,1048, 
57,1049,0.514093 805.49 265.92 33.26 53.40
58,105, 
59,1050, 
60,1051,0.378408 496.99 650.22 31.75 10.47
61,1052,0.379167 486.19 599.49 44.90 79.27 0.221520 375.35 722.37 30.58 20.00
62,1053, 
63,1054,0.333116 437.76 201.31 23.00 48.77 0.248215 124.70 420.32 52.24 36.40
64,1055, 
65,1056,0.407320 936.81 808.54 26.60 65.70 0.313949 857.41 241.31 38.08 79.01 0.210513 6.96 939.71 52.07 34.18
66,1057,0.510201 741.84 149.96 12.32 30.29 0.243421 593.53 828.13 43.78 28.46
67,1058, 
68,1059,0.213829 566.72 741.31 38.70 57.32
69,106, 
70,1060,0.518297 280.69 358.46 18.45 65.51
71,1061,0.748398 669.89 15.41 110.90 55.93
72,1062, 
73,1063, 
74,1064, 
75,1065, 
76,1066,0.668745 505.63 250.01 48.61 12.53 0.306850 71.57 877.67 14.66 45.33
77,1067,0.383887 84.58 947.38 15.61 40.82
78,1068,0.802729 867.48 466.88 24.83 56.23 0.251369 835.80 61.82 14.17 33.32
79,1069, 
80,107, 
81,1070,0.207172 225.68 894.85 36.80 37.73
82,1071, 
83,1072,0.408222 946.16 448.78 26.42 42.19 0.263642 821.38 214.38 9.03 60.01
84,1073,0.462275 25.00 684.45 95.02 72.05 0.410736 614.67 464.57 34.92 17.28
85,1074, 
86,1075,0.465168 98.86 409.17 53.84 50.06 0.455951 364.31 517.47 12.71 54.16
87,1076,0.585354 180.92 618.56 70.54 11.58 0.423135 989.82 130.32 12.78 46.80
88,1077,0.459827 82.14 325.15 65.59 36.63 0.373395 426.72 610.84 32.58 59.43
89,1078,0.305062 97.39 889.39 36.21 73.63
90,1079,0.546557 16.76 678.84 42.10 31.04 0.231066 535.30 29.11 28.98 15.37 0.220665 965.20 476.14 23.35 56.48
91,108,0.679511 9.40 361.75 27.68 49.28
92,1080, 
93,1081, 
94,1082, 
95,1083,0.330847 132.48 129.42 37.89 41.63
96,1084, 
97,1085,0.239521 734.79 854.75 52.24 34.90
98,1086, 
99,1087, 
100,1088, 
101,1089,0.403290 992.26 521.02 28.57 21.80
102,109, 
103,1090, 
104,1091, 
105,1092, 
106,1093,0.210591 263.64 419.40 63.47 58.73
107,1094, 
108,1095, 
109,1096, 
110,1097,0.748660 761.58 834.83 49.63 8.36 0.459988 928.26 350.71 65.20 35.66 0.354552 15.61 874.01 53.14 57.82 0.212648 85.65 102.67 48.44 13.14
111,1098,0.279777 338.58 462.45 12.53 66.00
112,1099, 
113,11,0.304565 745.05 270.68 52.05 22.87
114,110,0.409245 2.33 33.07 40.46 45.16
115,1100,0.375003 842.76 441.63 41.92 12.21
116,1101, 
117,1102, 
118,1103,0.404587 0.00 24.01 52.02 36.32
119,1104, 
120,1105, 
121,1106,0.348680 142.74 359.15 65.31 14.23
122,1107,0.669255 647.65 655.26 67.61 80.42
123,1108, 
124,1109,0.252014 512.00 336.03 51.45 56.05
125,111,0.743442 1.32 123.18 70.36 33.74 0.237457 22.82 56.37 17.78 50.60
126,1110,0.334360 751.25 660.11 34.89 13.75
127,1111,0.660753 969.43 598.45 22.24 68.19
128,1112, 
129,1113,0.279529 190.36 139.32 33.17 46.15 0.215868 193.28 154.31 19.35 25.22
130,1114,0.292963 767.36 800.13 31.51 32.31
131,1115,0.322444 349.23 296.23 23.73 54.78
132,1116, 
133,1117,0.262200 984.71 735.28 13.74 58.78 0.233746 625.56 251.15 39.49 10.87
134,1118, 
135,1119,0.359941 257.08 799.91 44.57 36.68
136,112,0.283581 607.37 343.90 21.30 54.68
137,1120, 
138,1121, 
139,1122, 
140,1123,0.322603 61.69 111.36 19.75 27.26
141,1124,0.320522 86.39 769.97 46.44 48.29
142,1125, 
143,1126,0.515925 846.34 462.55 73.57 23.80
144,1127,0.536484 726.38 635.22 46.54 103.05
145,1128, 
146,1129, 
147,113,0.536926 780.44 440.13 16.47 37.12 0.487666 555.04 357.00 19.41 25.10 0.461432 999.03 673.82 13.61 43.90
148,1130, 
149,1131,0.443493 539.19 487.04 21.58 56.62 0.316862 4.16 408.81 25.60 45.08
150,1132,0.235656 874.79 455.51 37.72 39.85
151,1133,0.383400 357.49 608.33 24.11 49.12 0.374296 9.46 990.51 56.12 23.17 0.335623 28.52 987.35 45.86 11.95
152,1134,0.362316 67.80 640.58 34.74 47.84 0.298278 321.17 423.25 27.16 62.23
153,1135, 
154,1136,0.201579 40.77 187.31 12.28 30.86
155,1137, 
156,1138, 
157,1139,0.270855 610.93 970.75 47.91 20.90 0.236854 143.44 380.69 24.34 53.95
158,114, 
159,1140, 
160,1141,0.685196 606.96 914.46 83.54 14.01 0.354514 520.20 742.50 54.51 26.80
161,1142, 
162,1143,0.491840 227.42 502.23 46.34 25.65 0.348340 588.31 825.89 38.63 33.56
163,1144, 
164,1145,0.234378 285.04 73.56 14.77 23.47
165,1146,0.363360 2.51 997.23 14.42 24.06
166,1147, 
167,1148, 
168,1149,0.246485 917.91 102.98 15.97 33.74
169,115, 
170,1150,0.328694 342.41 282.65 20.27 58.39 0.260121 36.49 1008.53 26.94 12.35 0.209539 861.45 492.44 58.55 15.28
171,1151, 
172,1152,0.374744 81.29 943.61 22.62 26.15
173,1153, 
174,1154, 
175,1155,0.226285 696.09 958.94 60.15 18.48
176,1156, 
177,1157, 
178,1158,0.358554 706.11 376.40 27.29 27.24 0.200482 641.97 318.72 20.91 50.78
179,1159,0.358772 139.85 647.96 40.84 17.54
180,116,0.768051 438.44 271.08 67.81 27.04
181,1160, 
182,1161,0.329853 781.61 814.42 24.15 45.90
183,1162, 
184,1163, 
185,1164, 
186,1165, 
187,1166,0.298973 385.72 4.04 52.17 12.09
188,1167, 
189,1168,0.252119 765.12 526.81 35.96 36.45
190,1169,0.244321 662.61 154.15 30.04 17.98
191,117, 
192,1170,0.448795 884.01 335.43 10.75 50.62
193,1171,0.606156 368.01 496.48 41.24 39.54 0.275549 566.99 843.97 50.41 27.59
194,1172, 
195,1173,0.304991 348.66 486.28 19.70 25.78
196,1174,0.239826 304.56 39.67 25.71 25.28 0.203310 292.82 26.51 38.27 39.64
197,1175,0.205014 339.64 357.02 9.86 61.52
198,1176, 
199,1177,0.328037 83.66 710.99 29.58 12.77
200,1178,0.510309 650.88 411.66 11.25 46.91
201,1179,0.500590 266.90 107.30 16.42 33.31
202,118,0.471914 945.31 302.64 69.34 22.61
203,1180, 
204,1181,0.740840 7.30 363.43 43.80 11.05 0.348404 1007.94 571.80 14.42 36.74
205,1182,0.474668 905.99 974.85 48.44 47.04
206,1183, 
207,1184, 
208,1185,0.683890 328.05 771.32 37.17 54.44 0.320991 196.27 240.99 34.45 57.51 0.312253 93.50 405.14 31.02 44.33 0.219721 979.97 181.92 17.83 59.06
209,1186,0.584860 859.47 638.52 40.74 14.87
210,1187, 
211,1188, 
212,1189,0.487863 799.50 305.34 16.61 49.86 0.434969 747.34 326.12 22.71 28.26
213,119, 
214,1190,0.395177 729.64 886.92 68.74 39.38
215,1191,0.212668 118.42 100.68 64.09 87.75
216,1192,0.417910 200.74 860.58 35.57 44.83 0.206312 1009.58 395.25 12.05 34.91
217,1193, 
218,1194, 
219,1195,0.556805 577.45 532.77 34.15 46.77 0.264609 266.82 344.81 27.97 24.95
220,1196, 
221,1197,0.459752 1.52 908.94 21.17 19.72
222,1198, 
223,1199,0.441748 248.88 191.40 43.82 43.36
224,12,0.594320 959.31 657.54 45.07 32.87 0.339882 425.21 341.34 30.11 11.14
225,120,0.557709 190.14 424.33 35.26 8.25
226,1200,0.401594 459.73 533.31 29.60 58.91
227,1201,0.243754 48.65 815.72 13.05 50.72
228,1202, 
229,1203,0.287187 185.71 797.47 64.88 64.18
230,1204, 
231,1205,0.581040 794.28 786.14 12.23 29.92
232,1206,0.284114 597.90 294.42 35.17 41.35
233,1207,0.420448 654.20 793.63 20.20 32.35 0.248354 577.39 4.85 50.93 44.08
234,1208, 
235,1209, 
236,121,0.443613 520.58 289.33 18.20 70.11
237,1210,0.265677 697.24 317.60 34.56 45.34 0.256252 836.46 136.96 30.69 16.18 0.240886 833.49 130.61 49.15 23.32
238,1211, 
239,1212, 
240,1213,0.451923 600.26 130.27 10.24 32.83
241,1214, 
242,1215, 
243,1216, 
244,1217, 
245,1218,0.202675 154.29 589.87 22.08 53.38
246,1219,0.238388 90.27 815.51 27.83 14.51
247,122, 
248,1220,0.303633 920.74 245.41 45.03 25.81 0.285295 164.40 979.03 48.07 42.97
249,1221, 
250,1222, 
251,1223,0.313779 762.10 291.47 40.88 10.27 0.230007 570.42 30.17 44.64 26.85
252,1224,0.584380 559.65 719.63 40.22 41.38
253,1225, 
254,1226, 
255,1227, 
256,1228, 
257,1229,0.288688 844.26 685.55 45.87 36.58
258,123, 
259,1230, 
260,1231,0.398532 833.32 329.35 51.70 39.95
261,1232, 
262,1233, 
263,1234,0.476833 693.50 923.76 33.66 13.00
264,1235, 
265,1236,0.431758 793.49 354.98 11.65 34.02
266,1237, 
267,1238, 
268,1239,0.281803 779.79 514.40 55.58 16.58
269,124,0.423893 234.07 988.37 53.76 25.59
270,1240, 
271,1241,0.323610 980.95 343.24 36.29 44.44
272,1242, 
273,1243,0.554995 742.43 576.74 11.95 65.64 0.308964 582.81 131.22 53.94 19.43
274,1244,0.367412 627.99 402.68 80.98 9.33
275,1245,0.555660 807.08 773.50 35.95 56.29
276,1246,0.249136 406.05 610.52 12.41 34.44
277,1247,0.345060 373.58 418.63 41.05 29.57
278,1248, 
279,1249,0.249355 447.21 271.64 73.39 18.19
280,125, 
281,1250,0.262388 367.32 35.87 29.41 59.12
282,1251, 
283,1252,0.509910 609.00 558.27 36.70 38.09 0.274685 853.51 283.71 18.58 58.75
284,1253, 
285,1254,0.356543 538.50 32.20 24.55 51.97 0.282983 930.16 626.90 53.15 31.04
286,1255,0.331507 628.01 450.18 45.42 31.72
287,1256, 
288,1257, 
289,1258,0.565719 676.29 681.11 38.86 14.71
290,1259,0.462620 874.65 270.67 11.72 30.89
291,126,0.276674 876.32 273.68 57.67 56.36
292,1260, 
293,1261, 
294,1262, 
295,1263,0.590985 721.04 670.00 11.73 76.65 0.391911 147.48 730.63 14.35 25.35
296,1264, 
297,1265,0.313158 965.61 31.56 25.16 18.63
298,1266, 
299,1267,0.288724 547.71 891.12 15.63 65.53
300,1268, 
301,1269,0.359869 915.81 993.71 24.00 18.68
302,127, 
303,1270,0.429225 192.55 687.52 22.57 44.35 0.305231 919.74 128.03 20.16 70.11
304,1271,0.565398 302.26 827.03 10.42 43.78
305,1272, 
306,1273,0.560421 733.78 102.27 71.17 33.36 0.486571 273.95 271.57 24.89 10.53 0.234522 339.55 202.65 33.09 45.45
307,1274,0.324834 828.99 474.02 27.44 41.08
308,1275, 
309,1276,0.443049 275.24 421.97 37.38 56.80
310,1277,0.418807 402.27 782.21 43.27 67.34
311,1278, 
312,1279,0.766523 19.67 874.37 36.21 60.35 0.561581 367.77 162.62 37.84 41.92
313,128,0.779687 11.54 655.91 24.67 83.41 0.249396 604.31 1.18 63.86 25.30
314,1280, 
315,1281,0.245478 272.96 718.93 70.05 13.25 0.202289 282.60 251.80 22.97 16.38
316,1282,0.344650 464.10 541.46 19.36 39.40 0.239893 8.29 189.83 37.65 36.26
317,1283, 
318,1284,0.319585 208.73 735.46 17.13 42.91 0.270046 431.85 249.18 41.10 27.82
319,1285,0.318813 762.62 638.70 27.67 17.24
320,1286, 
321,1287,0.618830 650.00 826.84 8.48 43.36
322,1288,0.448432 346.74 278.26 63.71 24.29 0.389881 379.60 94.32 37.30 44.39
323,1289,0.499191 411.16 114.86 58.17 12.67 0.419761 725.21 590.93 26.81 39.85
324,129,0.365845 153.24 468.43 20.56 64.00
325,1290,0.590277 725.65 72.24 61.72 27.94 0.233372 937.95 611.89 72.30 27.14
326,1291, 
327,1292,0.598991 280.03 413.01 54.84 32.84 0.483194 659.94 762.13 37.11 42.91 0.281696 657.81 493.94 44.73 59.42
328,1293, 
329,1294,0.372793 926.87 178.14 44.11 9.10 0.209485 705.00 245.74 40.05 32.22
330,1295,0.235264 155.35 616.42 29.90 53.97
331,1296, 
332,1297,0.459845 687.29 808.34 39.05 57.75
333,1298,0.359000 21.60 360.18 42.08 32.42
334,1299,0.264418 901.96 339.92 44.73 12.38 0.247463 162.48 687.74 44.80 33.56 0.240716 808.89 547.32 8.13 34.02
335,13, 
336,130,0.488258 753.94 501.38 45.40 27.32
337,1300, 
338,1301, 
339,1302,0.378296 816.97 365.68 74.90 33.39
340,1303, 
341,1304,0.543582 0.00 618.61 64.73 10.25
342,1305, 
343,1306,0.567061 158.76 546.91 14.05 27.38 0.364202 837.07 60.67 39.04 35.68
344,1307,0.519567 27.30 2.12 33.57 37.25 0.203364 809.64 629.52 35.80 68.38
345,1308, 
346,1309, 
347,131,0.317531 664.44 737.48 25.94 51.53 0.206500 665.35 739.69 18.05 29.92
348,1310, 
349,1311, 
350,1312, 
351,1313, 
352,1314,0.774146 754.50 768.55 53.36 98.71 0.377957 296.15 295.54 62.31 33.39 0.321802 431.30 517.72 75.66 12.08
353,1315, 
354,1316,0.379152 85.78 286.57 9.94 37.93
355,1317,0.232091 947.35 970.02 43.02 52.66
356,1318,0.543452 94.63 454.05 41.92 8.77 0.441228 9.05 964.69 24.87 46.47 0.300811 992.78 43.05 30.27 21.56
357,1319,0.328210 532.24 335.45 55.03 30.33
358,132, 
359,1320,0.338950 100.35 472.64 36.75 15.24 0.266420 322.28 801.22 76.24 45.99
360,1321, 
361,1322,0.398787 443.38 883.20 14.22 43.12
362,1323, 
363,1324,0.328297 38.63 340.02 56.44 29.66 0.206927 695.62 473.89 53.73 22.70
364,1325,0.522979 452.25 5.34 58.08 10.00
365,1326, 
366,1327,0.326058 680.81 598.78 55.83 42.19 0.305012 312.30 856.73 42.61 36.80
367,1328, 
368,1329, 
369,133,0.267797 802.89 776.70 34.18 45.97
370,1330, 
371,1331,0.519608 564.63 644.76 62.09 50.79 0.300804 520.99 298.90 60.58 17.71
372,1332, 
373,1333,0.258032 763.52 136.12 14.46 36.97 0.229989 638.65 616.87 47.95 30.27
374,1334, 
375,1335,0.624197 825.01 433.82 21.46 73.57
376,1336,0.474782 552.92 882.79 15.80 32.51 0.297451 608.96 1001.08 22.45 21.46
377,1337, 
378,1338, 
379,1339, 
380,134,0.469699 491.91 35.97 63.06 40.75 0.342589 932.46 174.74 45.31 12.56
381,1340,0.412219 429.04 418.44 41.27 47.97
382,1341, 
383,1342, 
384,1343,0.248167 129.22 768.90 56.09 30.85
385,1344,0.211610 578.68 602.89 24.27 20.93
386,1345,0.382345 993.40 203.52 21.43 15.57
387,1346, 
388,1347,0.395330 591.66 534.67 9.98 38.00 0.365497 966.38 132.97 23.06 19.96
389,1348,0.361508 750.37 886.96 63.62 17.60
390,1349,0.481510 35.30 32.37 8.97 35.71 0.442406 133.60 588.57 28.81 67.87
391,135, 
392,1350, 
393,1351,0.247157 144.08 458.03 22.21 20.94
394,1352, 
395,1353,0.210734 571.90 689.59 45.76 23.71
396,1354, 
397,1355,0.228872 431.47 302.96 22.21 29.73
398,1356, 
399,1357,0.343152 852.18 528.17 11.17 46.63 0.313985 197.44 363.10 57.25 39.78
400,1358, 
401,1359, 
402,136,0.642644 616.28 425.27 33.02 53.64
403,1360, 
404,1361,0.299450 678.28 182.29 23.29 57.80 0.233472 956.63 488.84 17.41 28.64 0.233321 954.14 473.06 25.24 50.92
405,1362, 
406,1363, 
407,1364,0.274700 790.86 681.00 37.44 32.40
408,1365,0.558824 362.34 679.56 53.86 10.23
409,1366,0.282997 448.00 487.63 23.12 28.10
410,1367,0.280891 305.14 277.51 26.19 20.15 0.218428 607.41 956.20 22.10 11.97
411,1368, 
412,1369, 
413,137, 
414,1370,0.335609 473.63 153.71 46.29 22.58
415,1371, 
416,1372, 
417,1373,0.325721 593.08 435.08 58.74 31.88 0.278890 793.81 64.08 32.25 37.54
418,1374,0.343136 886.05 898.24 8.23 44.17
419,1375, 
420,1376, 
421,1377, 
422,1378,0.358005 332.97 609.78 66.01 30.81
423,1379, 
424,138, 
425,1380,0.316418 299.87 64.95 21.18 20.43
426,1381, 
427,1382,0.470826 220.55 0.00 21.25 49.43 0.380471 545.58 653.63 13.16 40.19 0.232690 545.35 652.15 18.56 64.23
428,1383, 
429,1384,0.613902 60.83 523.92 45.96 12.16 0.593339 139.83 896.52 30.13 10.60
430,1385, 
431,1386,0.447972 931.41 801.50 17.06 21.91
432,1387, 
433,1388,0.286244 41.77 945.39 32.14 40.62 0.240229 390.16 355.16 22.80 74.26
434,1389, 
435,139, 
436,1390,0.273403 556.80 865.37 31.73 42.64 0.259935 558.30 874.80 22.44 29.45
437,1391,0.387851 999.34 6.79 19.17 65.56 0.338138 146.44 889.65 19.38 31.17
438,1392, 
439,1393,0.443298 186.95 606.02 41.25 48.47
440,1394,0.461031 561.97 917.78 19.60 21.82
441,1395,0.450937 9.36 889.90 25.74 21.99
442,1396, 
443,1397, 
444,1398, 
445,1399,0.320749 678.53 274.21 39.93 42.64
446,14, 
447,140, 
448,1400,0.380068 130.88 711.92 27.21 48.11
449,1401, 
450,1402,0.590527 778.33 974.70 52.27 22.26
451,1403,0.272811 124.54 309.08 28.46 50.29
452,1404, 
453,1405, 
454,1406,0.222045 98.63 719.50 58.17 8.15
455,1407,0.531309 226.18 770.82 34.11 12.42
456,1408,0.465772 301.34 582.42 47.34 45.28
457,1409,0.262772 804.45 408.74 15.42 82.17
458,141,0.473166 440.87 371.45 29.53 48.75 0.448910 497.12 874.45 53.21 48.54
459,1410, 
460,1411, 
461,1412,0.404488 398.11 216.49 23.05 52.03
462,1413,0.203206 1002.09 406.02 7.39 34.67
463,1414, 
464,1415,0.342098 958.27 812.81 46.41 46.12
465,1416, 
466,1417,0.375390 986.71 179.18 23.74 58.36 0.345433 657.39 624.75 51.64 19.17
467,1418, 
468,1419,0.428985 616.63 441.46 62.35 19.33 0.368576 486.86 899.16 40.85 33.75 0.335115 582.24 485.91 35.72 48.88 0.202413 978.27 737.66 40.63 18.63
469,142, 
470,1420,0.393892 453.63 577.18 30.70 15.35 0.260299 858.61 626.79 9.35 50.39
471,1421,0.333640 959.38 863.61 45.01 40.62
472,1422, 
473,1423,0.343007 846.23 516.44 32.51 14.55
474,1424, 
475,1425, 
476,1426,0.294070 578.07 32.79 25.13 19.84
477,1427, 
478,1428,0.244086 27.50 459.93 43.60 25.71
479,1429, 
480,143,0.471940 654.90 596.93 29.14 57.95 0.318296 667.81 698.99 19.24 32.46
481,1430,0.268280 930.37 675.12 43.15 19.31
482,1431,0.482396 976.11 666.45 44.00 47.14 0.461316 545.83 304.48 40.44 10.59 0.322256 677.92 858.48 18.43 30.79
483,1432,0.331979 849.40 807.06 36.14 37.98
484,1433,0.337579 559.87 260.20 31.13 54.81
485,1434,0.330147 264.70 517.94 57.21 37.48 0.293647 407.68 385.60 55.45 32.17
486,1435,0.459532 564.78 934.27 64.72 11.50
487,1436,0.732583 791.35 87.26 19.12 89.67
488,1437, 
489,1438,0.550726 10.45 323.17 23.88 46.83 0.276478 886.45 964.87 47.29 25.95 0.248157 798.00 962.15 22.62 40.61
490,1439,0.434345 373.24 59.41 50.13 10.57 0.282437 507.21 191.14 37.83 34.81 0.265116 948.65 598.56 26.44 17.02
491,144,0.213911 490.22 515.17 30.52 52.36
492,1440,0.452294 14.73 623.40 40.64 50.95 0.321556 930.75 673.36 41.30 9.06 0.294042 742.12 306.95 20.27 53.69
493,1441, 
494,1442,0.346943 33.64 492.36 45.62 40.53 0.335331 674.63 447.57 9.71 84.19 0.266208 15.22 844.23 64.86 22.32
495,1443,0.341199 20.19 875.34 21.60 30.58 0.267924 526.34 192.82 51.20 16.67
496,1444,0.486644 425.91 629.41 8.01 51.00
497,1445, 
498,1446,0.476553 91.40 106.45 68.37 11.85 0.468912 719.05 133.49 37.60 41.61 0.230395 146.33 204.60 26.32 45.35
499,1447, 
500,1448,0.490948 428.25 731.31 62.34 9.61 0.472644 847.79 28.92 29.43 42.25
501,1449,0.277753 51.55 816.31 24.16 10.88
502,145,0.402942 129.77 673.20 66.44 9.38
503,1450,0.351404 104.50 432.61 36.47 35.52 0.231600 466.33 485.90 38.83 36.16
504,1451,0.704830 536.89 251.74 10.53 40.67 0.612707 259.67 801.03 22.03 78.15
505,1452,0.667697 159.00 580.87 53.01 8.58
506,1453, 
507,1454,0.469376 936.87 156.78 41.86 45.18
508,1455,0.730963 752.70 307.54 117.58 56.97
509,1456, 
510,1457, 
511,1458, 
512,1459,0.426254 743.30 36.96 65.03 41.46
513,146,0.573410 708.62 889.66 28.35 56.15
514,1460,0.562517 581.92 106.39 36.01 36.79 0.526113 125.79 447.77 67.55 8.67
515,1461, 
516,1462, 
517,1463,0.240599 69.27 953.22 48.03 16.62
518,1464, 
519,1465,0.298353 606.77 442.97 18.65 60.05
520,1466,0.370331 978.47 850.46 14.28 28.09
521,1467, 
522,1468, 
523,1469, 
524,147,0.428366 152.24 23.01 26.30 43.82
525,1470, 
526,1471,0.523338 563.40 355.59 27.83 57.97 0.328452 399.90 451.79 26.66 46.75
527,1472,0.384475 581.44 710.71 33.50 11.63 0.229467 54.00 0.00 54.15 25.82
528,1473,0.236093 836.53 653.92 14.13 31.25
529,1474,0.386994 13.11 890.31 13.33 38.03 0.208961 580.99 281.60 11.00 36.37
530,1475,0.319544 489.92 509.29 26.70 23.41 0.265873 979.17 449.57 42.43 32.69
531,1476,0.473121 105.60 383.59 9.79 59.82
532,1477,0.333214 977.08 925.57 19.04 25.54
533,1478,0.489535 904.03 157.19 64.56 42.87 0.305214 149.29 859.39 20.72 52.23
534,1479,0.602804 210.38 404.68 14.75 36.51
535,148,0.225210 132.32 199.45 28.07 23.15
536,1480, 
537,1481, 
538,1482,0.515075 529.70 607.51 54.14 22.32 0.406231 827.54 456.03 9.26 42.89
539,1483,0.364536 197.23 695.07 64.38 27.30
540,1484, 
541,1485,0.663082 27.34 475.92 30.18 65.62
542,1486,0.530870 863.30 314.07 30.80 55.33 0.289852 542.29 698.69 17.92 26.51
543,1487, 
544,1488, 
545,1489,0.435204 162.01 880.64 40.50 36.32 0.212085 748.99 797.84 45.88 29.96
546,149,0.584820 946.05 896.52 31.58 48.64 0.523703 904.17 66.22 77.65 35.34
547,1490,0.357461 553.23 390.33 53.77 29.16 0.230455 424.33 892.82 25.97 51.21
548,1491, 
549,1492,0.256537 964.70 725.05 23.57 61.43 0.244019 399.26 180.82 8.46 30.35
550,1493,0.325942 971.27 892.75 11.44 35.61
551,1494,0.338046 559.29 706.87 35.19 50.10
552,1495,0.462819 771.12 342.39 49.73 15.64
553,1496, 
554,1497, 
555,1498, 
556,1499,0.595483 987.66 762.78 25.42 65.04
557,15, 
558,150,0.550043 666.93 964.70 47.79 36.04 0.525576 675.35 303.42 50.03 35.65
559,1500, 
560,1501, 
561,1502,0.601822 304.95 515.33 28.44 15.04
562,1503,0.296162 111.61 571.17 57.12 75.87 0.295987 723.53 5.80 56.29 10.62 0.276984 241.66 928.54 37.79 54.36 0.202030 258.42 932.42 20.09 24.75
563,1504,0.440902 1006.70 321.29 11.21 55.78
564,1505, 
565,1506,0.476560 870.91 743.59 14.94 32.78
566,1507,0.375059 165.74 215.30 15.04 48.50
567,1508,0.399826 912.70 728.58 29.18 49.13 0.347012 69.65 86.66 22.87 53.89
568,1509,0.401858 390.96 276.17 30.80 52.74 0.251434 931.27 409.98 68.12 20.92
569,151,0.462781 826.58 234.23 8.16 35.55 0.362470 1005.56 880.63 12.01 35.08
570,1510,0.459477 213.80 771.48 58.15 9.89
571,1511,0.373177 329.70 689.36 28.73 16.06
572,1512,0.309432 265.42 351.72 25.75 31.04
573,1513, 
574,1514,0.291152 600.82 16.54 72.08 22.81
575,1515, 
576,1516,0.222554 506.73 759.02 44.40 25.46
577,1517, 
578,1518, 
579,1519, 
580,152, 
581,1520, 
582,1521,0.340112 735.49 817.93 31.28 43.40 0.234487 774.74 221.16 35.99 36.20
583,1522,0.459728 981.60 840.39 39.20 55.45
584,1523,0.214660 971.72 975.95 36.21 42.06
585,1524, 
586,1525,0.212426 619.20 530.46 9.68 40.68
587,1526,0.536333 768.13 619.61 25.70 56.03 0.363535 198.13 993.88 26.05 23.98 0.203551 325.36 746.11 19.37 55.22
588,1527,0.349206 408.69 835.20 23.29 24.14
589,1528,0.276360 518.19 467.10 75.30 56.21
590,1529,0.498691 668.40 253.08 15.03 31.47
591,153, 
592,1530,0.420206 693.43 48.15 9.92 85.46
593,1531, 
594,1532,0.356390 592.05 96.24 34.77 56.59
595,1533, 
596,1534, 
597,1535,0.425567 198.92 9.48 12.06 40.79
598,1536,0.599672 474.37 80.29 25.79 56.35
599,1537,0.674547 238.41 253.26 100.34 28.99
600,1538,0.436612 487.46 3.33 54.66 7.88
601,1539, 
602,154,0.310098 704.98 539.64 56.01 42.28
603,1540, 
604,1541, 
605,1542,0.529516 825.28 913.42 53.57 14.19
606,1543,0.685873 426.88 559.31 47.18 95.12 0.462811 798.28 10.94 45.85 23.28 0.308709 292.80 226.23 49.62 28.50
607,1544, 
608,1545, 
609,1546, 
610,1547,0.327365 898.20 621.84 44.29 11.66 0.211483 411.44 450.80 11.00 34.28
611,1548, 
612,1549, 
613,155,0.384566 832.82 939.15 42.32 54.73 0.239825 654.14 5.02 32.55 33.20
614,1550,0.410590 433.54 490.39 16.06 22.61
615,1551, 
616,1552,0.218366 880.35 43.34 45.71 8.64
617,1553,0.418354 743.94 804.15 56.11 27.87
618,1554,0.202964 582.75 231.96 23.35 9.25
619,1555,0.303531 397.10 303.25 19.01 51.28
620,1556, 
621,1557,0.268646 155.96 13.99 54.18 26.62
622,1558,0.455921 252.65 355.00 15.34 29.15
623,1559,0.200340 287.74 524.41 11.64 52.24
624,156,0.800319 574.00 43.71 136.24 74.17 0.532420 79.32 716.94 35.52 50.19 0.442212 557.41 212.75 16.29 49.35
625,1560, 
626,1561,0.700067 804.59 123.33 60.88 36.25
627,1562, 
628,1563, 
629,1564,0.427645 682.05 137.48 37.25 11.77 0.331103 13.95 103.54 12.39 27.16
630,1565,0.352033 878.92 351.89 9.24 31.25
631,1566, 
632,1567, 
633,1568, 
634,1569, 
635,157,0.485652 176.04 401.50 30.07 16.92
636,1570, 
637,1571,0.218124 420.48 101.06 33.02 24.21
638,1572, 
639,1573,0.442945 732.79 827.00 9.34 49.81
640,1574,0.310430 3.46 106.58 50.44 37.43
641,1575, 
642,1576, 
643,1577, 
644,1578,0.298281 540.33 20.77 21.82 23.68
645,1579, 
646,158,0.549498 382.18 797.60 32.50 18.02 0.402452 14.71 833.64 36.65 8.72 0.224004 919.87 364.63 21.49 29.42 0.222104 919.63 352.50 31.82 41.83
647,1580,0.416953 121.77 706.19 48.84 28.69 0.386895 126.27 523.16 32.71 12.17 0.214163 940.43 841.81 23.11 29.73
648,1581, 
649,1582, 
650,1583,0.601843 691.14 755.75 65.56 39.91 0.343780 552.51 746.60 10.41 86.46 0.229666 317.65 796.37 43.46 10.89
651,1584, 
652,1585, 
653,1586,0.335697 731.82 797.16 37.35 57.41
654,1587, 
655,1588, 
656,1589,0.690455 801.83 552.39 63.08 32.90 0.585337 353.40 959.42 10.13 62.07 0.214966 885.89 794.46 10.14 36.52
657,159,0.792723 17.80 397.15 90.33 20.69 0.558734 695.53 686.68 29.46 66.35
658,1590,0.265556 871.12 343.38 28.34 39.09
659,1591,0.294106 520.51 959.43 44.79 36.31
660,1592,0.289491 134.20 265.76 20.01 62.69 0.214174 139.88 267.50 13.52 36.08
661,1593, 
662,1594,0.239099 246.70 478.34 13.96 64.31
663,1595,0.374271 822.97 618.61 36.03 42.32
664,1596, 
665,1597, 
666,1598, 
667,1599,0.328669 840.70 95.04 45.51 19.90
668,16,0.367387 789.39 870.91 18.84 53.73
669,160, 
670,1600, 
671,1601, 
672,1602,0.534838 581.92 14.35 29.64 12.65
673,1603,0.487677 4.06 149.08 64.68 19.42 0.417498 378.19 43.21 35.83 40.23 0.349914 495.91 620.36 18.19 32.01
674,1604, 
675,1605,0.602877 964.31 906.73 48.21 29.15 0.523529 276.46 105.76 14.30 76.40 0.384716 158.58 2.65 55.53 21.81 0.231284 728.39 140.29 28.38 52.89
676,1606, 
677,1607, 
678,1608,0.555212 851.50 194.09 12.26 41.29 0.530211 279.12 453.49 83.51 35.33
679,1609, 
680,161,0.718480 824.96 454.82 63.49 37.90 0.344512 454.91 255.01 16.74 39.94 0.266405 726.68 837.65 88.51 15.19
681,1610, 
682,1611, 
683,1612,0.312822 287.01 263.10 14.64 39.99 0.245489 576.21 926.90 15.46 19.65 0.200295 264.79 116.26 10.46 27.75
684,1613,0.437180 67.90 245.57 10.65 73.17 0.424506 828.91 31.94 31.68 57.85
685,1614, 
686,1615, 
687,1616,0.394404 152.89 704.32 24.81 20.04 0.303140 590.46 416.11 27.60 10.04
688,1617, 
689,1618,0.796113 950.34 572.74 20.31 79.69 0.717071 118.61 7.81 56.47 29.82 0.337811 503.63 565.19 24.42 54.82 0.303835 922.51 16.35 54.33 74.48 0.203986 837.29 435.32 32.29 21.27
690,1619, 
691,162,0.223648 316.78 509.22 35.24 34.55
692,1620,0.493535 994.09 21.89 24.29 67.72 0.378395 427.72 339.34 9.40 52.02
693,1621,0.436678 526.39 769.38 61.36 43.39
694,1622,0.315012 97.31 512.55 44.49 85.80
695,1623, 
696,1624,0.383465 370.32 555.48 27.98 51.64
697,1625,0.255722 235.83 1003.07 35.88 19.38
698,1626,0.459153 430.87 483.37 36.84 11.55
699,1627,0.458172 903.63 636.51 28.73 53.10 0.415877 411.24 44.64 52.49 29.15
700,1628,0.216645 750.50 269.89 32.93 39.47
701,1629,0.401904 542.32 771.98 34.82 42.64 0.255727 430.81 388.28 54.52 40.34
702,163,0.247593 771.26 722.93 58.15 16.55
703,1630, 
704,1631, 
705,1632,0.223884 922.67 891.18 32.15 40.24
706,1633,0.264166 464.70 532.60 57.12 42.76
707,1634, 
708,1635,0.420494 25.42 197.45 64.89 19.43 0.350220 968.42 2.47 44.49 29.31 0.269038 306.26 428.00 45.68 9.35
709,1636, 
710,1637,0.266497 180.89 483.72 29.83 56.25
711,1638, 
712,1639,0.377645 402.84 523.21 30.30 22.89
713,164, 
714,1640, 
715,1641,0.257247 487.10 361.03 58.51 28.87 0.227423 879.17 750.18 31.08 8.68
716,1642,0.579472 687.56 223.81 16.01 24.59 0.415982 657.01 856.01 47.19 48.75
717,1643,0.295414 619.60 1004.69 30.15 10.90
718,1644,0.568783 613.30 150.60 30.18 70.38
719,1645, 
720,1646, 
721,1647,0.548595 642.48 6.62 9.14 59.23 0.403355 132.41 574.05 41.79 14.36
722,1648,0.287823 412.31 479.04 21.54 77.83
723,1649,0.460588 935.59 528.39 56.15 33.02 0.407670 300.96 782.17 42.20 15.46
724,165, 
725,1650,0.249916 975.12 296.63 36.03 34.72
726,1651,0.206851 668.52 568.93 55.15 22.63
727,1652, 
728,1653,0.609794 516.93 193.32 30.52 71.97
729,1654, 
730,1655,0.642140 204.84 375.31 53.32 7.69
731,1656,0.501386 16.33 70.68 54.76 18.19
732,1657, 
733,1658,0.567850 388.63 743.86 50.52 29.71
734,1659, 
735,166, 
736,1660, 
737,1661,0.560872 284.93 957.52 37.66 51.71
738,1662,0.626995 296.91 548.26 26.96 62.30
739,1663,0.335452 308.76 167.83 24.35 95.08
740,1664,0.659215 818.16 801.86 43.36 13.80
741,1665,0.256713 802.63 325.28 22.86 20.55
742,1666,0.307352 812.00 792.07 29.33 62.42
743,1667, 
744,1668, 
745,1669, 
746,167,0.311213 232.05 980.54 72.33 11.77 0.248527 270.48 609.76 25.70 11.09
747,1670,0.649533 8.02 976.09 61.25 20.36
748,1671,0.213467 998.48 637.69 17.41 72.27
749,1672,0.201934 254.28 499.33 10.80 47.66
750,1673, 
751,1674, 
752,1675,0.530681 900.12 708.96 50.27 58.29
753,1676,0.514790 3.61 277.98 59.70 30.28 0.274176 428.54 545.83 15.44 61.02
754,1677,0.312541 113.88 919.09 21.94 55.46 0.275341 469.18 179.37 22.71 11.69
755,1678, 
756,1679, 
757,168,0.227410 173.91 834.75 48.17 54.14
758,1680,0.373465 110.89 523.31 30.88 48.63 0.325090 3.49 90.24 12.93 46.42 0.200500 83.09 966.46 49.25 25.49
759,1681, 
760,1682, 
761,1683, 
762,1684,0.385691 503.31 833.86 15.05 47.08
763,1685, 
764,1686,0.447770 847.25 538.96 12.37 47.81 0.395895 548.32 694.13 36.90 37.78 0.281406 626.97 282.69 23.36 16.43
765,1687, 
766,1688, 
767,1689, 
768,169,0.393811 124.68 395.47 33.92 49.90
769,1690, 
770,1691, 
771,1692,0.236502 79.78 192.25 50.80 12.19
772,1693,0.545912 804.55 609.57 55.44 10.28
773,1694,0.408317 299.62 95.37 50.47 78.99 0.378852 347.80 214.27 32.04 84.88
774,1695, 
775,1696, 
776,1697,0.363604 642.99 621.96 23.71 55.09 0.307802 340.86 166.99 54.80 29.39
777,1698, 
778,1699, 
779,17,0.278456 36.01 348.86 31.56 43.22
780,170, 
781,1700,0.320704 858.19 719.73 66.28 9.46 0.288530 469.47 378.56 36.07 46.33
782,1701, 
783,1702,0.533143 136.42 354.60 10.98 31.53 0.503170 67.64 907.25 38.36 42.40
784,1703,0.567718 423.05 62.91 12.27 41.82 0.371244 880.74 523.30 74.86 11.70
785,1704,0.356857 442.24 230.96 20.34 53.93
786,1705, 
787,1706,0.362701 1000.29 316.54 19.87 60.06 0.294633 383.63 1009.70 37.00 12.42
788,1707,0.523700 880.74 743.15 28.34 77.82
789,1708, 
790,1709,0.522130 382.42 469.60 11.02 50.57
791,171, 
792,1710,0.536131 746.53 257.99 42.34 12.64
793,1711,0.485218 217.08 67.52 13.05 50.34
794,1712,0.241804 105.54 293.60 27.86 20.33
795,1713, 
796,1714, 
797,1715, 
798,1716,0.307581 545.33 198.24 20.71 25.71 0.265201 708.49 714.25 57.57 17.33
799,1717,0.358902 229.44 854.85 37.05 67.36
800,1718, 
801,1719, 
802,172, 
803,1720,0.404949 364.96 186.56 47.99 12.99 0.277896 354.98 19.93 18.50 63.63
804,1721, 
805,1722, 
806,1723,0.659282 547.78 3.46 60.19 9.92
807,1724,0.604373 903.40 785.91 28.11 54.14 0.313564 466.00 17.31 44.06 29.10
808,1725,0.540044 420.80 252.78 45.60 10.12 0.246355 607.37 569.03 21.20 29.11 0.241069 598.41 565.47 29.53 44.81 0.233457 95.95 901.18 28.18 43.01
809,1726, 
810,1727, 
811,1728,0.520744 106.21 778.28 28.63 39.59
812,1729,0.329159 529.62 269.45 41.45 11.73
813,173,0.604322 400.98 220.94 46.58 9.86 0.262575 104.56 172.34 36.29 42.86
814,1730,0.402149 369.57 300.48 70.56 26.46 0.231591 183.51 823.47 13.05 32.79
815,1731,0.443480 449.75 739.57 19.12 35.31 0.257695 265.75 170.79 59.83 12.23
816,1732,0.426708 156.56 938.28 52.27 37.12 0.414324 587.07 491.29 14.97 64.64
817,1733,0.212001 876.28 507.80 30.41 12.47
818,1734,0.534053 623.10 398.69 22.35 27.94 0.523547 115.61 239.64 46.78 13.10
819,1735,0.388771 1003.26 487.71 18.76 22.78
820,1736, 
821,1737,0.305499 358.66 867.02 64.04 9.38
822,1738,0.559112 62.77 541.67 30.30 55.93 0.531392 749.46 607.09 16.16 22.11
823,1739,0.336208 430.64 135.18 47.21 26.75
824,174,0.573742 14.67 3.25 52.47 27.80 0.204574 776.39 70.59 60.31 36.38
825,1740,0.234996 912.47 385.55 12.90 44.48
826,1741,0.396157 353.70 332.53 35.46 46.32
827,1742, 
828,1743,0.534561 107.42 97.09 11.51 69.64
829,1744, 
830,1745,0.276474 327.35 538.83 81.25 39.85
831,1746,0.545412 197.30 950.70 53.70 34.02
832,1747,0.305567 669.03 22.61 35.06 112.60 0.247079 477.97 794.56 46.26 12.79 0.245741 152.11 429.10 28.62 10.46 0.229930 235.38 878.24 40.91 10.34
833,1748,0.460610 565.10 731.51 66.36 49.38
834,1749,0.378650 780.74 909.04 34.74 46.15
835,175,0.607076 156.89 622.79 21.16 54.87 0.565966 950.54 833.52 64.36 86.74
836,1750, 
837,1751, 
838,1752, 
839,1753,0.543440 419.68 683.89 55.02 24.00
840,1754,0.618120 462.48 4.10 56.41 10.21
841,1755,0.804208 690.89 162.19 109.46 75.36
842,1756,0.395615 597.82 51.82 20.85 16.53 0.366233 467.87 691.95 34.91 43.54
843,1757, 
844,1758,0.422086 799.88 603.36 38.31 15.95
845,1759,0.312264 775.23 446.70 19.77 74.34
846,176,0.298450 14.83 51.14 18.17 50.15
847,1760, 
848,1761,0.272228 362.79 161.14 16.86 63.51
849,1762, 
850,1763, 
851,1764,0.265132 118.68 329.76 74.50 22.42
852,1765,0.395753 917.62 477.97 19.28 68.42
853,1766,0.393596 576.88 937.76 48.97 41.28
854,1767,0.610700 517.50 249.60 69.37 41.68
855,1768,0.483618 199.97 759.94 37.35 66.44 0.320581 455.45 55.71 40.54 68.97 0.264434 612.41 484.10 10.50 33.75
856,1769,0.453043 945.23 641.01 44.17 30.68
857,177, 
858,1770,0.396930 252.77 93.70 21.62 58.47
859,1771,0.340075 671.29 11.95 25.45 11.11
860,1772, 
861,1773, 
862,1774,0.539146 36.03 994.08 54.73 26.73 0.324887 592.19 734.29 17.24 22.12 0.306135 630.82 118.50 14.10 39.17 0.272777 654.17 437.33 27.08 64.77 0.241925 627.08 97.87 17.84 62.84
863,1775, 
864,1776,0.391567 289.91 829.58 39.52 52.32 0.216000 703.32 848.72 40.59 36.53
865,1777, 
866,1778,0.602329 423.83 8.28 54.47 30.40
867,1779,0.585962 855.49 108.12 9.70 55.10
868,178, 
869,1780,0.368804 938.28 263.88 11.79 57.37
870,1781,0.500711 487.66 115.62 26.02 11.35
871,1782, 
872,1783, 
873,1784, 
874,1785,0.509169 371.99 885.72 14.13 29.46 0.208904 611.72 787.41 17.05 40.47
875,1786,0.273640 450.96 546.65 16.09 53.33
876,1787, 
877,1788,0.362208 580.08 633.71 28.90 37.68
878,1789, 
879,179, 
880,1790,0.300674 161.06 378.97 42.01 23.67 0.252050 941.75 23.21 32.04 48.65
881,1791,0.374603 684.36 534.09 46.86 39.46
882,1792,0.424968 721.21 514.54 34.53 33.74
883,1793, 
884,1794, 
885,1795, 
886,1796,0.561436 846.23 811.96 26.43 14.93
887,1797,0.367814 836.33 265.48 40.65 42.54
888,1798,0.221819 590.80 635.53 47.04 19.09
889,1799, 
890,18,0.425551 515.97 491.11 25.12 17.45 0.206224 960.82 558.43 20.63 22.78
891,180, 
892,1800,0.628977 702.67 93.82 28.94 77.99
893,1801,0.551565 855.05 960.29 23.50 58.48
894,1802, 
895,1803,0.387365 507.96 685.48 45.14 38.53
896,1804, 
897,1805, 
898,1806,0.227773 166.98 379.08 18.42 38.75
899,1807, 
900,1808,0.200585 761.10 659.40 24.80 11.04
901,1809, 
902,181, 
903,1810,0.229029 354.07 830.58 76.39 10.01
904,1811,0.441059 472.08 316.62 43.45 46.37
905,1812, 
906,1813, 
907,1814,0.439241 182.47 40.88 50.44 53.99
908,1815, 
909,1816, 
910,1817, 
911,1818,0.499134 329.37 916.22 11.02 44.68
912,1819,0.287881 680.64 359.82 58.37 12.02 0.244563 474.05 651.88 8.61 42.97 0.224168 804.80 172.23 8.96 53.53
913,182, 
914,1820,0.340709 369.82 642.15 43.68 40.37 0.230291 974.28 728.69 24.36 32.04
915,1821, 
916,1822,0.403214 789.71 461.96 63.25 16.69 0.324627 586.12 39.92 48.77 58.20 0.298035 394.50 503.95 29.99 22.63
917,1823, 
918,1824,0.388375 385.66 511.97 26.70 15.12 0.374542 914.76 612.86 49.97 47.52 0.250543 621.35 803.92 55.90 24.01
919,1825, 
920,1826, 
921,1827, 
922,1828, 
923,1829,0.289145 209.53 225.27 38.12 12.12
924,183,0.476177 184.61 253.30 30.04 64.88 0.206593 720.16 830.95 23.50 17.33
925,1830, 
926,1831,0.294119 62.38 975.30 44.48 23.12
927,1832,0.354806 308.05 825.52 39.22 40.85 0.245907 837.24 690.58 19.80 68.00
928,1833,0.553261 769.20 19.77 23.97 61.98 0.371666 70.01 797.80 18.36 27.33
929,1834,0.735302 46.49 627.84 8.90 56.49
930,1835,0.411727 37.50 117.98 33.39 65.65
931,1836, 
932,1837,0.594082 145.55 125.78 45.62 36.92 0.372500 485.39 474.24 74.79 55.11
933,1838, 
934,1839, 
935,184, 
936,1840, 
937,1841, 
938,1842,0.281540 173.91 327.33 31.58 50.58 0.243167 175.88 341.44 19.93 32.86
939,1843, 
940,1844,0.482116 929.65 444.70 74.26 78.37
941,1845, 
942,1846, 
943,1847,0.281819 50.14 943.18 45.51 14.32
944,1848,0.509470 709.84 930.61 46.04 53.10
945,1849, 
946,185,0.499793 151.77 194.95 8.07 53.90 0.398336 269.86 297.13 66.98 27.10 0.270382 608.38 539.39 50.27 88.13
947,1850,0.665282 620.62 269.64 33.36 70.63
948,1851,0.323738 34.01 436.25 20.41 55.56
949,1852,0.374628 116.90 385.83 51.90 10.00
950,1853, 
951,1854, 
952,1855,0.585541 519.05 234.66 9.53 39.87 0.324047 531.03 58.38 27.76 10.31
953,1856,0.221875 969.95 606.10 30.71 41.46
954,1857, 
955,1858,0.507858 936.59 624.76 11.88 66.59 0.476809 322.42 227.79 39.91 41.87 0.462414 249.15 843.76 13.85 47.74
956,1859, 
957,186, 
958,1860,0.487699 453.25 329.66 34.54 16.47 0.247758 525.51 281.41 37.69 41.75
959,1861,0.578775 759.54 472.24 12.22 54.46 0.517216 775.88 652.16 70.53 39.11 0.292482 73.64 983.78 58.50 35.97
960,1862,0.754347 11.38 319.74 23.43 58.11 0.598949 24.77 147.34 9.51 51.52
961,1863, 
962,1864,0.285890 3.80 525.46 29.42 21.63
963,1865, 
964,1866,0.312558 24.88 386.31 47.43 9.27
965,1867,0.332666 664.15 371.18 48.67 40.75
966,1868, 
967,1869, 
968,187, 
969,1870,0.286730 373.44 634.39 110.24 29.20
970,1871,0.668626 830.78 771.61 45.34 58.61 0.397367 420.86 654.93 33.51 18.03
971,1872, 
972,1873,0.396706 713.98 567.76 36.06 52.65
973,1874,0.416858 483.96 391.59 39.10 11.24
974,1875,0.444336 905.27 703.70 18.09 29.70 0.261960 358.64 452.40 52.11 27.37
975,1876,0.309191 390.27 252.00 47.49 45.68
976,1877, 
977,1878, 
978,1879, 
979,188,0.487190 573.62 539.29 57.88 11.92
980,1880, 
981,1881, 
982,1882, 
983,1883, 
984,1884, 
985,1885,0.273607 7.72 228.72 34.54 39.39
986,1886, 
987,1887,0.500768 353.17 114.86 10.94 33.63 0.323377 334.69 935.38 29.77 40.93
988,1888, 
989,1889, 
990,189,0.431445 912.44 170.76 20.57 77.24
991,1890,0.489678 661.16 497.03 37.41 33.06 0.361764 21.78 841.31 31.35 18.04 0.204497 51.30 77.86 32.20 40.50
992,1891,0.255776 708.06 38.25 61.28 19.61
993,1892,0.277086 790.37 255.39 32.48 22.00 0.241198 932.48 481.66 56.12 60.24
994,1893, 
995,1894, 
996,1895,0.279527 768.54 270.99 26.93 18.57
997,1896, 
998,1897, 
999,1898, 
1000,1899, 
1001,19,0.291751 1003.85 567.57 12.99 28.21 0.270053 122.10 361.32 27.03 48.06
1002,190,0.767389 111.08 906.53 56.80 36.44
1003,1900, 
1004,1901,0.501035 122.82 265.55 28.19 54.94 0.427233 913.26 586.54 21.94 49.76 0.259716 494.59 247.68 31.98 31.94
1005,1902, 
1006,1903,0.213490 472.84 55.82 32.53 25.49
1007,1904,0.656113 108.15 842.27 9.62 61.17 0.512025 968.05 884.18 31.11 49.48 0.406439 722.37 454.98 25.72 10.40
1008,1905, 
1009,1906, 
1010,1907,0.555573 738.48 790.61 37.65 16.03
1011,1908,0.613032 67.57 147.34 40.38 34.90 0.334743 547.53 97.06 16.80 36.11
1012,1909,0.246762 8.94 896.52 76.24 45.69
1013,191,0.561983 900.17 640.81 44.24 33.91 0.476473 237.27 562.62 24.12 21.74
1014,1910, 
1015,1911,0.469832 267.64 86.28 14.23 46.19
1016,1912,0.370195 559.49 120.96 44.40 38.37 0.311956 826.62 738.40 50.80 35.49
1017,1913, 
1018,1914,0.486719 258.16 436.64 26.43 61.54 0.410313 222.73 866.36 11.59 32.44
1019,1915, 
1020,1916,0.210783 885.80 616.71 46.83 36.58
1021,1917,0.523459 320.88 483.92 28.10 17.99 0.264730 846.15 982.69 41.07 39.29 0.261745 510.66 145.23 60.11 29.43
1022,1918, 
1023,1919, 
1024,192,0.624122 422.65 811.17 15.84 30.99
1025,1920,0.289153 203.83 833.46 28.22 67.17
1026,1921, 
1027,1922,0.623438 960.95 269.50 49.17 33.73 0.573177 776.44 856.88 44.07 34.69
1028,1923, 
1029,1924,0.291152 492.64 383.79 37.54 13.51 0.240470 349.46 287.41 13.10 58.07
1030,1925,0.546652 597.31 922.71 21.83 19.37
1031,1926,0.665993 452.53 766.13 30.86 62.64
1032,1927, 
1033,1928, 
1034,1929, 
1035,193,0.424312 126.34 264.98 35.74 19.22 0.330881 783.50 814.45 52.22 37.79
1036,1930,0.540885 51.76 826.28 29.08 56.94 0.468047 947.90 573.83 40.86 38.47 0.407678 819.28 381.62 50.22 19.18
1037,1931, 
1038,1932,0.276206 487.85 210.43 22.40 15.65
1039,1933,0.622902 609.95 530.09 49.21 7.70 0.321941 651.12 733.69 35.43 37.96
1040,1934, 
1041,1935, 
1042,1936, 
1043,1937,0.363644 302.48 909.50 42.00 33.83 0.336198 887.15 356.87 40.74 33.01
1044,1938, 
1045,1939, 
1046,194,0.336868 480.22 368.48 8.92 46.44
1047,1940, 
1048,1941, 
1049,1942,0.548304 126.33 904.31 51.71 94.98 0.408250 19.16 435.22 33.46 8.80 0.249432 143.91 667.49 38.08 47.43
1050,1943, 
1051,1944, 
1052,1945,0.342989 169.02 603.98 13.27 61.45
1053,1946,0.274410 100.37 940.76 31.78 9.13
1054,1947,0.272948 341.95 808.79 84.58 11.32
1055,1948, 
1056,1949,0.741897 558.15 519.27 82.31 22.77
1057,195,0.403002 95.09 822.45 56.88 20.83
1058,1950,0.343573 528.91 16.97 12.96 52.04
1059,1951,0.505651 110.64 545.54 89.17 24.48 0.292769 880.14 18.55 48.44 41.59
1060,1952,0.343871 19.67 138.34 8.48 46.44 0.272455 22.32 138.53 8.81 47.89 0.257759 570.59 18.73 20.33 72.86
1061,1953,0.442353 785.98 858.17 25.62 67.43
1062,1954,0.294256 204.29 50.40 19.97 34.76 0.277130 934.43 13.21 38.69 14.46 0.226534 925.84 10.05 64.30 18.19
1063,1955,0.536111 4.51 971.48 38.84 26.85
1064,1956, 
1065,1957,0.333978 489.80 583.42 34.08 45.34
1066,1958,0.578216 60.74 127.97 33.02 56.87 0.410515 961.44 390.40 49.02 14.64 0.288435 563.13 907.85 14.31 33.26 0.233458 981.23 902.44 42.58 9.53
1067,1959,0.561687 831.99 5.34 25.64 59.43 0.324500 14.89 406.44 41.88 36.23
1068,196,0.410652 915.69 749.26 37.32 53.85
1069,1960, 
1070,1961, 
1071,1962, 
1072,1963,0.279109 0.00 857.21 28.69 45.97
1073,1964,0.367008 902.11 201.69 44.04 9.57
1074,1965,0.639875 967.37 709.32 12.62 45.10 0.519098 449.18 80.07 31.93 55.77
1075,1966, 
1076,1967,0.354178 219.57 29.83 55.64 36.21
1077,1968,0.276973 795.77 75.98 9.08 69.99
1078,1969,0.369442 799.75 363.48 14.66 26.01
1079,197,0.201656 677.33 733.65 9.87 56.19
1080,1970, 
1081,1971,0.257527 662.86 264.71 55.11 74.82 0.203981 735.20 422.30 52.91 43.29
1082,1972,0.545057 805.18 147.22 27.59 41.94
1083,1973,0.342046 939.59 779.35 10.38 59.75 0.247862 123.11 781.90 25.61 17.32 0.230247 741.03 273.89 10.70 48.04
1084,1974,0.527930 454.19 375.34 20.36 65.30 0.250416 968.09 226.63 48.34 33.22
1085,1975,0.749971 379.58 559.75 90.85 20.87 0.532334 952.26 628.00 63.32 10.94 0.463786 564.33 4.72 47.88 40.43
1086,1976, 
1087,1977,0.258305 596.73 116.41 42.20 43.90
1088,1978,0.389086 811.98 231.38 89.73 63.12 0.304677 273.82 348.06 54.99 48.67 0.297590 96.55 861.23 43.19 61.14
1089,1979,0.316515 327.93 340.41 48.29 15.86
1090,198,0.419274 200.18 986.57 41.80 34.81 0.408763 864.73 590.38 28.51 48.46 0.298741 534.56 760.84 20.60 74.41
1091,1980,0.351768 141.25 445.51 64.58 19.40
1092,1981,0.365216 673.17 18.48 56.52 32.68
1093,1982,0.610533 706.38 621.26 65.57 8.35
1094,1983,0.617517 155.62 792.13 55.66 9.71
1095,1984, 
1096,1985,0.373369 617.63 838.09 28.71 41.51
1097,1986,0.346394 58.02 537.46 11.72 29.81
1098,1987,0.569518 676.99 975.02 38.21 13.66 0.436876 115.45 533.87 24.51 54.49
1099,1988,0.261380 467.53 692.46 60.47 51.27
1100,1989, 
1101,199, 
1102,1990, 
1103,1991, 
1104,1992, 
1105,1993, 
1106,1994, 
1107,1995,0.249168 910.64 163.69 22.50 19.48
1108,1996,0.343665 737.04 728.36 60.94 22.33
1109,1997, 
1110,1998,0.339630 343.26 904.28 36.62 60.65
1111,1999, 
1112,2,0.436220 637.82 294.16 43.74 64.73
1113,20,0.619731 380.57 85.50 20.33 68.78 0.362505 247.30 518.89 14.14 55.74
1114,200, 
1115,201,0.570679 410.40 783.79 55.67 11.11
1116,202, 
1117,203, 
1118,204,0.410998 400.75 939.61 47.63 47.51
1119,205,0.534018 754.06 354.90 34.08 64.12 0.311873 704.33 611.98 10.00 39.15
1120,206, 
1121,207, 
1122,208,0.472028 953.28 482.17 22.29 49.52
1123,209,0.285555 198.27 313.72 44.02 33.18
1124,21, 
1125,210,0.439520 779.72 269.27 15.73 28.79
1126,211, 
1127,212,0.649110 0.00 529.54 47.40 42.11
1128,213,0.614913 539.44 752.85 8.45 52.88 0.274723 971.50 194.65 50.40 34.12
1129,214,0.330283 437.84 509.27 29.63 9.12
1130,215,0.310758 943.67 955.44 46.39 21.92 0.303373 181.70 927.15 30.18 57.25
1131,216,0.371311 954.27 334.26 11.52 32.01 0.335005 666.19 867.86 37.09 29.63 0.212086 978.82 742.71 45.07 35.21 0.204723 994.86 754.96 24.25 20.68
1132,217, 
1133,218,0.646061 765.30 522.88 18.86 84.72
1134,219,0.345676 346.74 762.07 16.34 29.76 0.203837 37.76 817.50 37.68 40.49
1135,22,0.656675 312.96 394.57 8.91 55.39
1136,220, 
1137,221, 
1138,222,0.682521 709.39 90.29 68.67 29.92
1139,223,0.578777 452.44 121.09 42.69 32.83
1140,224,0.230285 908.79 719.70 39.86 31.27
1141,225,0.263133 235.87 657.91 43.82 28.47 0.208864 527.74 152.74 16.07 34.11
1142,226, 
1143,227, 
1144,228, 
1145,229,0.359182 845.50 848.83 60.96 50.10 0.333333 789.68 139.08 12.04 45.85
1146,23,0.263231 302.71 896.70 24.57 11.26
1147,230, 
1148,231, 
1149,232,0.224690 773.28 793.20 26.25 44.59
1150,233, 
1151,234,0.460838 207.24 200.42 30.34 45.77 0.425667 273.33 142.40 24.09 42.55 0.358301 483.94 282.49 10.62 43.81
1152,235,0.412925 297.81 7.38 53.30 50.53
1153,236,0.431585 581.12 189.12 28.10 38.13
1154,237,0.577978 321.99 332.90 53.21 21.81 0.349235 856.33 0.81 19.95 58.10
1155,238, 
1156,239,0.319012 0.00 649.26 58.95 44.79 0.209212 339.86 885.27 53.45 19.29
1157,24, 
1158,240, 
1159,241, 
1160,242,0.404476 655.45 940.24 16.75 33.61 0.340651 624.91 845.89 20.59 33.00
1161,243,0.619290 776.52 342.11 88.56 45.19 0.583305 264.92 352.08 120.22 59.86
1162,244, 
1163,245, 
1164,246, 
1165,247, 
1166,248,0.456238 585.41 410.02 30.61 48.61 0.374671 34.32 710.47 66.87 40.05
1167,249,0.339868 168.81 305.17 28.51 45.01 0.294669 420.39 12.49 64.85 31.24
1168,25,0.347948 709.79 237.99 21.24 14.71
1169,250,0.205464 877.11 673.61 72.64 28.25 0.204446 913.60 857.07 52.83 29.60
1170,251, 
1171,252,0.232330 529.24 838.92 31.40 42.28
1172,253,0.373248 12.49 968.44 51.60 20.65
1173,254, 
1174,255, 
1175,256,0.310112 804.45 826.11 39.20 31.08
1176,257,0.321876 944.44 387.20 23.48 23.95 0.248885 513.69 574.81 43.64 26.36
1177,258, 
1178,259, 
1179,26,0.311326 576.17 79.56 8.46 49.26 0.290094 539.84 650.84 20.12 32.07
1180,260,0.536134 604.08 638.76 23.98 73.43 0.415853 508.10 781.69 41.31 48.20
1181,261,0.289091 607.10 33.48 46.01 29.39
1182,262, 
1183,263,0.552940 314.82 744.14 80.44 9.09 0.386843 614.10 587.77 17.75 21.68
1184,264,0.426098 322.55 772.98 9.97 34.32
1185,265, 
1186,266,0.215658 476.76 371.87 56.05 14.68
1187,267,0.668446 268.67 24.10 47.81 9.53
1188,268,0.234487 244.47 436.71 9.42 42.57
1189,269, 
1190,27,0.546084 812.44 865.81 77.74 35.20
1191,270, 
1192,271, 
1193,272,0.217574 36.49 852.09 23.59 25.23
1194,273, 
1195,274,0.425301 916.30 547.84 25.58 59.33
1196,275,0.203882 931.36 785.98 35.47 8.98
1197,276, 
1198,277, 
1199,278,0.248818 842.57 952.43 30.18 54.53
1200,279, 
1201,28,0.269840 568.20 337.97 50.84 37.38
1202,280,0.240754 763.95 995.04 16.49 28.96 0.236961 557.00 837.99 68.73 9.09
1203,281,0.365248 91.73 120.20 50.68 32.05 0.255367 298.67 989.34 12.53 34.63
1204,282, 
1205,283, 
1206,284, 
1207,285,0.609962 865.54 924.05 25.65 63.25
1208,286, 
1209,287,0.687302 847.11 658.87 27.43 69.08 0.627013 433.30 733.33 14.20 45.99 0.578863 594.09 956.34 54.89 10.79
1210,288, 
1211,289,0.585710 491.82 413.32 22.98 29.49 0.365689 318.95 537.96 25.65 11.69
1212,29,0.421131 118.09 730.57 51.37 15.43 0.208600 439.00 749.55 33.37 33.55
1213,290, 
1214,291,0.377846 190.21 901.24 14.84 27.93
1215,292,0.434554 675.40 479.29 65.40 32.88
1216,293, 
1217,294,0.603628 134.96 468.08 23.30 52.76 0.433217 635.49 2.31 42.22 34.97
1218,295, 
1219,296,0.407612 81.65 226.19 57.23 35.42
1220,297, 
1221,298,0.444940 6.50 100.89 23.53 55.44 0.234516 820.47 470.86 27.58 48.71
1222,299,0.212732 280.65 281.57 44.74 38.93
1223,3,0.358640 766.83 428.82 27.51 101.07
1224,30,0.582331 946.49 932.41 75.48 29.51 0.358054 577.58 772.37 79.46 26.03 0.241481 206.72 978.67 26.20 43.61
1225,300,0.584415 713.07 831.64 79.43 63.57
1226,301,0.688640 609.27 1.77 69.41 90.02 0.582168 206.90 111.47 13.41 40.70 0.468980 607.43 417.42 48.51 29.81 0.382642 776.72 233.60 49.90 33.57
1227,302,0.522142 236.24 527.63 45.22 8.18 0.322725 105.76 542.88 27.65 45.89
1228,303,0.353025 794.94 839.27 32.86 54.49
1229,304,0.485456 449.93 802.62 33.83 11.48
1230,305, 
1231,306,0.669433 389.42 497.63 74.98 33.18 0.322099 780.82 95.92 51.51 16.23
1232,307,0.270017 464.30 729.62 13.07 23.81
1233,308, 
1234,309,0.329850 758.52 947.66 35.73 7.14
1235,31,0.589194 98.12 772.62 43.96 51.17
1236,310,0.704288 205.90 989.27 41.88 8.34
1237,311,0.624467 628.86 667.85 54.22 12.66
1238,312, 
1239,313,0.257085 442.72 310.29 57.85 42.50
1240,314, 
1241,315, 
1242,316,0.273052 669.83 578.96 16.25 25.89 0.253267 658.81 554.63 27.94 53.67
1243,317, 
1244,318,0.361326 445.26 896.62 59.35 18.96
1245,319, 
1246,32, 
1247,320, 
1248,321, 
1249,322,0.202936 776.44 34.88 23.98 35.16
1250,323,0.434365 165.63 630.87 34.48 13.13
1251,324,0.362740 789.27 586.35 15.52 24.98 0.324717 533.66 97.89 32.87 51.52
1252,325,0.513548 822.48 566.19 34.26 54.11
1253,326,0.729518 53.61 730.66 19.73 78.77 0.375946 911.86 331.91 18.63 25.06
1254,327,0.324192 383.29 657.40 54.57 28.86
1255,328,0.560703 86.71 868.24 9.39 45.80 0.215391 459.36 523.56 30.07 12.22
1256,329,0.343847 315.83 956.90 65.51 16.55
1257,33,0.705407 339.12 763.79 51.49 104.92
1258,330,0.319327 764.37 742.17 61.20 18.93
1259,331, 
1260,332, 
1261,333,0.265585 233.27 739.08 31.51 33.50
1262,334, 
1263,335,0.535584 393.56 459.96 21.17 65.71 0.212747 89.24 576.82 67.79 22.65
1264,336,0.310785 650.42 851.66 31.45 18.68 0.218067 638.01 849.91 47.09 25.97
1265,337, 
1266,338, 
1267,339, 
1268,34, 
1269,340,0.551137 177.30 187.21 45.86 31.08
1270,341, 
1271,342,0.410613 965.44 378.28 41.82 45.27
1272,343,0.286786 975.87 57.13 45.42 37.54
1273,344,0.373994 780.22 173.10 33.91 18.90
1274,345, 
1275,346, 
1276,347, 
1277,348, 
1278,349,0.305584 680.29 4.54 31.01 37.95 0.282266 831.46 6.02 25.16 39.03 0.206056 521.31 475.87 14.85 63.49
1279,35,0.502389 709.64 711.93 21.24 52.09
1280,350, 
1281,351,0.666026 378.69 791.37 23.98 54.75 0.302021 134.17 862.85 41.88 9.89
1282,352, 
1283,353,0.608986 682.88 549.09 9.02 42.73
1284,354, 
1285,355, 
1286,356,0.485654 302.10 136.66 54.88 8.60 0.355677 786.99 436.76 56.97 30.43
1287,357,0.200012 659.72 23.69 8.96 52.51
1288,358, 
1289,359,0.492711 453.41 550.00 36.25 39.55 0.283370 632.14 585.03 36.67 16.18
1290,36,0.518064 209.77 218.28 14.38 27.27
1291,360, 
1292,361,0.296942 926.66 904.35 37.03 41.40
1293,362,0.228356 349.14 195.60 52.17 33.55 0.208443 542.84 803.31 37.28 26.87
1294,363,0.786974 928.03 148.76 27.09 72.64 0.481686 330.20 238.54 39.57 47.57
1295,364,0.305567 290.44 773.78 24.14 46.28
1296,365, 
1297,366, 
1298,367,0.333640 500.14 282.74 36.96 60.31
1299,368, 
1300,369,0.564032 510.47 873.31 54.63 9.77
1301,37, 
1302,370,0.704560 191.63 887.30 77.69 22.04 0.385979 992.71 630.70 23.68 51.28
1303,371,0.243543 38.86 975.25 38.75 10.24
1304,372,0.590546 791.81 218.15 20.85 59.50
1305,373, 
1306,374,0.452412 589.51 707.05 29.98 23.50
1307,375,0.230256 23.96 762.97 15.62 33.72
1308,376,0.614775 358.49 993.37 97.97 24.53
1309,377,0.391854 712.46 35.06 34.99 55.53
1310,378,0.531701 106.59 536.10 47.81 28.70 0.474642 758.82 818.77 13.43 42.26
1311,379,0.436016 339.21 220.99 17.21 37.88 0.279758 225.16 1000.40 36.33 21.93
1312,38,0.445986 93.82 0.00 46.41 32.58
1313,380, 
1314,381, 
1315,382,0.445910 982.94 977.83 34.98 41.28
1316,383,0.626883 705.42 702.85 16.24 77.92
1317,384, 
1318,385,0.408877 811.98 471.80 25.64 53.22
1319,386,0.570438 184.16 957.52 88.11 21.19 0.282022 346.31 417.91 28.90 20.46
1320,387,0.547377 365.39 969.10 56.44 35.24 0.275513 1002.59 263.40 8.87 51.58
1321,388,0.514816 373.35 310.69 9.35 35.46
1322,389,0.583789 945.31 136.65 23.15 60.63 0.368091 294.62 64.03 45.95 15.62
1323,39,0.648441 146.49 362.84 51.17 9.10 0.520916 2.80 611.19 27.32 98.54 0.427762 211.65 492.98 77.75 24.74
1324,390,0.206414 134.93 573.86 60.50 26.61
1325,391,0.344692 610.63 787.12 53.44 29.30 0.297457 865.38 172.30 26.93 43.42
1326,392, 
1327,393,0.217100 75.99 178.48 23.65 33.38
1328,394,0.453650 496.77 354.26 75.34 33.95
1329,395, 
1330,396, 
1331,397,0.434289 380.27 600.35 19.57 64.35 0.282519 906.60 255.07 97.85 41.69
1332,398,0.656289 335.08 209.49 62.04 24.81
1333,399,0.501542 964.96 373.47 49.16 36.67
1334,4,0.353882 236.00 733.10 18.50 36.74 0.298067 109.71 685.13 30.01 44.88
1335,40,0.552544 671.57 722.98 9.81 51.10 0.201635 952.56 846.74 23.38 90.92
1336,400,0.245389 586.00 235.02 42.42 45.19
1337,401,0.355040 743.41 864.41 26.18 20.47
1338,402, 
1339,403, 
1340,404,0.412688 287.64 596.17 42.66 31.86
1341,405, 
1342,406, 
1343,407,0.656348 284.40 77.07 8.01 50.47 0.398947 346.92 607.89 8.24 47.11
1344,408,0.227403 987.89 706.82 16.21 39.33
1345,409, 
1346,41, 
1347,410,0.578770 639.49 315.52 8.69 55.82 0.537589 351.98 783.42 34.28 52.86
1348,411, 
1349,412,0.239232 237.21 641.11 35.91 20.56
1350,413,0.296890 981.01 946.13 40.02 28.19
1351,414, 
1352,415,0.630577 793.11 958.91 124.34 48.61
1353,416,0.289671 470.29 756.37 22.13 25.21 0.235318 87.70 419.07 20.18 56.67 0.224715 468.64 727.85 43.40 55.61
1354,417, 
1355,418,0.375796 612.89 110.09 58.13 20.84
1356,419, 
1357,42,0.553779 442.54 496.19 34.79 15.08 0.360811 73.45 261.30 23.42 43.41
1358,420, 
1359,421, 
1360,422,0.239760 654.85 737.30 36.92 35.56
1361,423,0.604912 749.74 549.19 46.29 40.26
1362,424,0.434418 262.28 630.37 33.99 8.05 0.285355 655.13 920.16 17.05 27.12
1363,425, 
1364,426,0.454544 311.32 743.36 38.35 62.78
1365,427, 
1366,428,0.366091 296.80 99.05 42.83 39.78
1367,429, 
1368,43,0.597537 658.67 991.67 82.85 21.64 0.394830 639.88 378.70 29.75 12.66 0.278422 696.74 869.91 26.87 46.58 0.201723 606.78 305.98 59.42 56.48
1369,430,0.404116 1004.20 659.67 17.72 25.37
1370,431, 
1371,432, 
1372,433,0.389946 493.78 150.70 9.81 48.67
1373,434,0.507490 518.23 370.26 24.32 54.44 0.406706 955.41 31.55 33.90 14.06 0.361128 744.69 378.72 40.33 54.82
1374,435,0.285332 356.59 678.37 72.38 20.33
1375,436, 
1376,437,0.258861 705.07 875.73 51.81 39.65
1377,438, 
1378,439, 
1379,44,0.269793 829.99 494.70 37.30 19.79
1380,440,0.441277 1.85 162.13 35.54 43.22
1381,441,0.365506 646.89 876.24 43.03 37.49 0.257989 829.09 131.41 26.43 9.97
1382,442, 
1383,443,0.321795 917.13 585.49 38.83 48.66
1384,444,0.388058 834.58 599.02 14.79 48.33
1385,445,0.281402 9.93 937.81 64.25 14.37 0.234950 127.46 821.68 25.31 23.39
1386,446,0.515616 250.27 499.63 34.40 49.44 0.315324 862.55 366.85 59.43 9.03 0.278820 917.95 790.36 13.26 35.00 0.211521 870.59 41.20 37.53 36.88
1387,447, 
1388,448, 
1389,449,0.506730 678.04 425.14 38.00 9.80
1390,45,0.389885 312.20 55.94 46.57 40.65
1391,450,0.271794 576.17 645.02 21.01 27.59
1392,451,0.308523 20.59 488.09 31.51 44.90 0.261142 242.49 619.20 20.68 17.23
1393,452,0.421306 151.91 2.37 34.54 59.76 0.263736 248.92 85.29 48.09 23.93
1394,453, 
1395,454,0.583538 659.99 861.47 34.54 44.10 0.213410 309.51 789.96 29.33 10.02
1396,455,0.630454 396.22 862.61 32.63 15.73 0.432606 615.60 338.92 22.53 14.61
1397,456,0.238782 620.74 981.47 22.78 22.31
1398,457,0.215976 566.43 633.30 46.90 69.03
1399,458,0.584743 782.65 803.35 71.66 23.04
1400,459,0.311874 536.88 25.95 39.99 26.99
1401,46,0.644887 739.10 595.73 40.61 49.11 0.561756 834.52 318.04 54.02 29.35 0.437943 212.75 478.81 56.11 29.25 0.334770 530.58 319.91 16.36 54.33
1402,460,0.481820 933.83 532.99 19.55 27.42
1403,461,0.256561 794.79 501.21 28.40 28.08
1404,462, 
1405,463,0.295691 277.12 427.81 20.91 49.24
1406,464, 
1407,465, 
1408,466, 
1409,467,0.201389 132.04 710.20 10.27 48.43
1410,468, 
1411,469, 
1412,47,0.261202 757.78 27.68 33.72 43.47
1413,470, 
1414,471,0.338459 149.00 1005.46 44.32 15.39
1415,472,0.776401 313.13 271.73 68.18 33.71
1416,473, 
1417,474,0.403484 573.48 235.18 18.73 17.16 0.212100 85.76 196.95 15.79 42.17
1418,475,0.335435 0.00 13.80 28.26 45.55
1419,476,0.308260 339.89 730.17 37.13 45.45
1420,477,0.324799 746.33 235.83 32.52 40.71 0.305413 49.21 588.33 28.74 10.11 0.277625 347.39 397.99 63.89 16.71
1421,478,0.271702 439.61 451.87 32.95 34.88
1422,479, 
1423,48, 
1424,480,0.686780 412.85 935.60 98.51 72.27 0.455843 142.31 547.92 33.32 56.56
1425,481, 
1426,482,0.364322 437.33 587.18 10.41 49.51
1427,483,0.203716 1.98 111.83 8.23 46.00
1428,484, 
1429,485, 
1430,486, 
1431,487,0.363332 781.84 731.79 14.25 29.89
1432,488,0.208383 676.25 19.66 41.97 25.90
1433,489,0.314433 638.32 557.17 11.00 96.86
1434,49,0.325872 212.72 751.59 39.16 37.43
1435,490,0.417049 255.85 6.75 47.18 58.46 0.233138 961.11 90.99 11.70 34.33
1436,491,0.752414 219.60 558.13 62.87 25.41 0.733000 710.81 401.34 20.94 92.43 0.451615 537.08 924.30 35.64 98.25 0.283457 268.29 971.36 89.72 11.03
1437,492,0.493259 71.45 85.01 25.58 50.02 0.461703 460.34 207.28 50.94 47.18
1438,493,0.240940 491.16 548.96 52.35 19.90
1439,494,0.341782 746.69 666.82 27.63 44.31
1440,495, 
1441,496,0.319411 199.28 205.30 22.93 47.33
1442,497, 
1443,498, 
1444,499,0.242538 953.87 509.68 64.24 22.01
1445,5, 
1446,50,0.275616 522.35 559.10 45.76 14.40
1447,500, 
1448,501,0.324033 919.30 700.62 33.23 17.92
1449,502, 
1450,503,0.434974 806.98 144.13 30.42 40.21 0.306291 677.00 874.14 16.09 59.69
1451,504, 
1452,505,0.359733 578.27 545.16 60.41 39.57
1453,506, 
1454,507, 
1455,508,0.200292 122.55 689.04 16.42 70.07
1456,509,0.489144 524.66 710.37 26.18 51.01 0.387669 4.97 261.71 43.09 39.48 0.298801 859.81 59.44 23.93 71.01
1457,51, 
1458,510,0.488925 403.69 136.47 56.14 39.18 0.393725 302.65 889.16 43.17 30.82
1459,511,0.363728 461.32 751.19 20.09 47.69 0.203903 311.59 607.78 43.76 28.76
1460,512,0.296498 38.08 11.61 47.18 25.53 0.265799 168.77 498.92 18.21 24.34 0.244119 881.35 653.65 45.76 29.07
1461,513,0.239770 279.30 473.90 39.51 15.05
1462,514, 
1463,515, 
1464,516, 
1465,517, 
1466,518,0.347781 955.71 426.91 44.66 40.81
1467,519, 
1468,52,0.313885 847.60 944.39 55.03 35.05
1469,520, 
1470,521,0.278974 116.26 378.56 61.31 14.53
1471,522,0.225258 213.07 252.45 32.55 40.50
1472,523, 
1473,524,0.345578 506.83 490.38 23.70 54.25
1474,525, 
1475,526,0.585997 563.10 839.07 29.29 17.95
1476,527, 
1477,528, 
1478,529, 
1479,53,0.723980 692.42 728.44 68.10 83.09
1480,530,0.200326 902.20 551.26 11.81 51.27
1481,531, 
1482,532, 
1483,533,0.286044 420.42 86.93 12.60 55.25
1484,534,0.272440 737.32 69.04 22.88 59.85
1485,535,0.225757 817.58 277.23 39.55 35.45
1486,536,0.340395 281.45 769.25 36.52 49.67
1487,537, 
1488,538, 
1489,539,0.340520 536.33 697.10 32.92 20.37
1490,54, 
1491,540,0.366285 636.69 495.62 76.31 11.92 0.349880 941.47 650.65 14.96 30.73
1492,541,0.394681 615.11 456.40 45.48 32.44 0.259459 47.98 135.67 21.46 46.72 0.232962 347.21 345.94 30.60 10.71 0.231504 948.92 764.72 42.68 56.87
1493,542,0.704975 250.80 789.78 9.60 52.34 0.474695 985.89 761.15 34.51 90.95
1494,543, 
1495,544,0.274210 599.41 174.79 39.83 48.42
1496,545,0.499130 967.43 118.80 10.32 43.29
1497,546,0.280736 543.81 592.73 42.42 42.07
1498,547,0.304016 34.34 790.32 21.55 19.42
1499,548,0.608176 948.34 55.54 8.32 51.70
1500,549, 
1501,55,0.284812 1001.21 685.76 18.08 64.27
1502,550, 
1503,551,0.680833 448.94 644.10 52.34 25.20 0.326104 694.16 865.89 147.41 22.50
1504,552,0.453516 8.15 717.47 21.40 51.49
1505,553, 
1506,554, 
1507,555,0.350134 684.57 856.96 78.43 9.86
1508,556, 
1509,557, 
1510,558,0.418811 0.00 840.63 39.38 29.54
1511,559,0.372424 914.01 533.42 49.39 11.15
1512,56,0.312235 17.59 912.11 20.37 63.78
1513,560,0.462119 672.51 342.49 57.52 21.84
1514,561,0.231690 739.35 661.60 18.04 33.44 0.216871 738.28 659.54 26.08 57.73
1515,562,0.320733 928.58 812.60 33.60 9.96 0.278474 427.14 560.76 23.71 27.63
1516,563,0.308998 633.78 175.36 9.13 53.54 0.203915 227.20 962.89 105.60 28.36
1517,564, 
1518,565, 
1519,566,0.642052 804.61 348.56 9.03 50.40 0.237538 977.35 965.63 37.57 36.04
1520,567,0.380781 610.64 789.21 31.65 21.53 0.293775 157.95 965.25 32.71 15.92 0.226002 130.64 963.34 62.71 27.27 0.224791 657.44 749.28 15.26 53.98
1521,568,0.460263 825.35 572.92 9.15 33.24
1522,569, 
1523,57,0.380877 544.83 447.43 42.06 45.42
1524,570, 
1525,571, 
1526,572,0.209501 526.74 331.36 56.22 22.78
1527,573,0.287810 145.62 698.12 15.42 43.41
1528,574, 
1529,575, 
1530,576, 
1531,577, 
1532,578,0.258840 421.60 295.88 10.89 26.30
1533,579,0.647205 919.21 3.82 47.99 8.02 0.445368 877.52 202.29 58.72 42.06
1534,58,0.634121 980.60 605.33 39.10 45.49
1535,580, 
1536,581,0.650309 961.83 830.63 30.81 73.12
1537,582, 
1538,583,0.341492 641.07 1002.75 22.49 16.42 0.320084 33.15 544.17 9.74 39.71
1539,584, 
1540,585,0.443487 206.74 930.31 45.26 25.03
1541,586,0.396271 866.78 283.42 9.41 38.80
1542,587, 
1543,588,0.504164 790.57 956.60 43.21 58.07
1544,589,0.252583 733.04 986.44 53.49 23.47
1545,59,0.680847 456.52 219.03 37.93 43.61
1546,590, 
1547,591,0.265649 430.95 436.61 30.68 14.52
1548,592,0.323699 86.16 817.21 30.01 7.90
1549,593,0.395848 324.19 91.63 66.81 17.19 0.256481 735.23 205.95 21.11 77.83
1550,594, 
1551,595,0.667719 834.95 619.99 53.10 9.58 0.431039 407.04 14.79 40.55 42.25
1552,596,0.583927 265.20 455.28 51.92 8.73 0.284199 295.78 530.07 56.97 30.95
1553,597,0.484557 496.44 191.16 39.44 31.41
1554,598, 
1555,599,0.502796 414.36 625.19 10.47 28.23
1556,6,0.237173 977.63 27.45 40.97 36.30
1557,60, 
1558,600, 
1559,601,0.514149 92.01 657.91 61.27 41.83 0.296788 175.66 552.29 58.80 32.32 0.207282 203.00 552.36 31.32 18.50
1560,602,0.259513 477.72 314.67 56.09 17.58
1561,603,0.645177 385.01 961.76 57.16 30.99 0.579630 649.19 459.07 46.54 52.88 0.340947 757.41 789.59 28.44 51.05 0.315010 267.56 376.74 10.52 43.93 0.305254 518.02 805.35 56.27 36.17 0.214793 456.84 909.06 11.31 32.35
1562,604,0.575608 916.65 5.21 36.78 77.81 0.311560 144.37 543.04 47.95 30.09
1563,605, 
1564,606, 
1565,607,0.560629 485.00 133.69 50.65 29.39
1566,608,0.284075 242.41 60.20 22.86 87.39 0.253253 780.32 695.69 14.80 46.81
1567,609, 
1568,61, 
1569,610, 
1570,611,0.402288 147.63 62.28 24.89 47.65
1571,612,0.389047 622.92 872.09 31.18 16.04
1572,613, 
1573,614, 
1574,615,0.408199 461.35 774.05 54.76 35.25 0.231433 634.41 117.73 8.56 49.31
1575,616,0.451332 760.26 985.12 46.34 32.71 0.304484 808.49 692.96 56.83 19.24 0.245513 622.91 389.06 12.29 34.95
1576,617,0.362661 778.42 708.90 15.67 53.07 0.211365 117.19 294.48 46.33 37.51
1577,618, 
1578,619, 
1579,62, 
1580,620, 
1581,621,0.393320 605.38 217.28 57.53 9.93
1582,622, 
1583,623, 
1584,624,0.640889 354.82 558.69 34.02 62.31
1585,625, 
1586,626,0.227709 908.64 911.32 19.36 21.51
1587,627,0.303816 881.76 995.82 55.27 25.82
1588,628,0.583969 265.73 10.59 48.70 94.38 0.201845 254.44 683.84 29.20 23.79
1589,629, 
1590,63,0.339134 505.39 51.52 45.26 29.65
1591,630,0.217401 2.30 216.95 33.84 40.89 0.211984 187.77 443.51 48.06 25.00
1592,631,0.351140 414.64 862.88 29.39 42.96
1593,632, 
1594,633,0.433394 395.11 92.77 65.47 15.89 0.393418 537.30 595.40 49.51 17.71
1595,634,0.437563 352.57 255.01 61.21 21.29 0.239149 135.11 657.02 41.55 45.28 0.204244 63.88 164.28 47.08 25.87
1596,635,0.387177 391.85 594.25 33.04 34.23 0.216865 668.82 477.40 27.83 14.69
1597,636,0.316574 262.62 643.21 47.31 27.15
1598,637,0.310856 94.32 555.39 33.91 50.39
1599,638,0.320766 583.34 539.73 22.45 42.06 0.235172 331.92 571.23 27.58 12.31
1600,639, 
1601,64, 
1602,640,0.345840 577.17 916.32 14.62 44.36
1603,641, 
1604,642, 
1605,643, 
1606,644,0.277095 776.20 836.96 22.48 17.58
1607,645,0.462412 454.29 256.18 15.10 54.22
1608,646,0.271810 561.15 540.72 10.37 50.70
1609,647, 
1610,648,0.726858 58.29 334.70 89.89 29.48
1611,649,0.695950 300.68 19.27 23.78 80.95 0.409688 376.58 506.80 22.06 18.28
1612,65, 
1613,650,0.729089 99.49 908.48 78.21 24.45 0.447032 900.17 395.86 26.62 70.53
1614,651,0.243937 84.76 808.52 44.93 37.59 0.228886 812.14 164.96 27.95 52.19
1615,652, 
1616,653,0.296755 289.40 934.24 22.73 15.79
1617,654, 
1618,655, 
1619,656,0.277777 233.47 445.91 40.14 16.59
1620,657,0.433184 557.03 831.35 19.31 23.29 0.250818 195.08 113.80 48.19 34.33
1621,658, 
1622,659,0.544955 873.04 528.36 29.05 56.97 0.315951 796.60 900.15 30.13 43.00
1623,66, 
1624,660, 
1625,661, 
1626,662,0.371113 838.68 38.50 59.80 53.45
1627,663, 
1628,664,0.494351 942.22 307.24 48.40 36.19
1629,665, 
1630,666,0.491374 905.84 606.43 61.95 24.38
1631,667, 
1632,668, 
1633,669,0.328089 52.70 836.20 33.52 51.54
1634,67,0.446762 948.79 559.85 8.88 41.62 0.287605 676.11 14.12 47.99 22.71
1635,670,0.288830 173.37 941.27 39.09 36.36
1636,671,0.308253 589.58 658.26 42.20 28.99
1637,672,0.516740 346.77 855.49 40.94 13.88
1638,673,0.432907 64.63 157.46 14.62 42.85 0.314852 158.15 478.34 21.70 63.64 0.276198 729.07 11.04 26.07 21.29
1639,674,0.460933 391.32 935.25 25.23 71.51
1640,675, 
1641,676,0.411389 739.52 433.03 26.81 50.63 0.258980 509.56 145.33 48.28 27.02 0.235695 510.60 146.57 30.21 18.16
1642,677,0.570561 741.35 50.78 67.52 36.83 0.384000 379.03 249.35 29.62 32.53 0.324372 282.49 207.75 52.25 36.46
1643,678,0.250417 935.13 976.58 80.89 27.72
1644,679,0.493902 697.03 18.44 30.47 44.46 0.351325 340.72 920.81 68.06 35.00 0.339818 506.46 875.32 18.58 49.17 0.270431 154.27 565.29 54.91 52.34 0.264139 306.66 457.15 24.31 28.01
1645,68,0.713163 256.59 524.88 23.57 56.04 0.435191 400.56 675.78 26.75 102.81
1646,680, 
1647,681, 
1648,682, 
1649,683,0.497151 997.22 351.76 13.78 57.84 0.423506 676.26 809.05 36.62 47.29
1650,684, 
1651,685, 
1652,686,0.329729 409.58 930.77 15.74 21.03
1653,687, 
1654,688,0.305962 841.84 731.42 17.76 25.57 0.298571 647.26 413.66 12.93 48.79 0.256660 977.69 295.59 44.28 32.84
1655,689, 
1656,69, 
1657,690,0.395121 876.90 806.87 19.88 28.87
1658,691, 
1659,692,0.474805 672.70 504.31 11.91 82.06 0.405187 916.85 809.05 8.62 45.42
1660,693,0.609298 146.30 25.41 46.20 34.38
1661,694,0.236126 257.07 836.52 11.23 47.99
1662,695,0.219428 687.41 663.40 11.65 46.32
1663,696, 
1664,697, 
1665,698, 
1666,699, 
1667,7, 
1668,70, 
1669,700,0.394565 892.83 851.98 21.59 70.29 0.362941 681.50 873.21 22.40 18.93
1670,701, 
1671,702, 
1672,703, 
1673,704,0.355655 826.37 790.03 20.58 37.66 0.340418 541.37 681.84 8.30 54.45
1674,705, 
1675,706, 
1676,707,0.207728 141.77 770.81 11.47 69.25
1677,708, 
1678,709,0.374656 790.43 573.67 26.92 64.47 0.227215 714.86 0.00 17.11 57.44
1679,71,0.333258 222.94 302.19 17.69 63.03
1680,710,0.298740 7.39 598.91 39.82 41.47 0.223076 1000.53 784.77 17.89 65.80
1681,711, 
1682,712,0.594678 308.63 481.16 67.87 29.38 0.444150 299.36 170.74 9.89 53.46
1683,713,0.516541 5.74 373.66 33.18 8.64 0.281269 415.81 556.31 41.79 36.71
1684,714,0.485683 945.40 917.40 46.58 62.80 0.298823 816.62 622.51 13.91 25.82 0.256174 552.61 78.85 21.96 15.51 0.234615 93.05 753.01 11.77 28.17 0.209895 384.58 754.14 33.16 11.21
1685,715,0.420710 238.43 393.04 11.45 35.05
1686,716,0.272806 386.25 519.82 30.39 11.05
1687,717, 
1688,718,0.566533 639.15 713.10 77.08 16.15
1689,719,0.248892 115.21 979.20 52.57 22.06 0.210526 924.51 343.02 44.76 27.37
1690,72, 
1691,720,0.276658 191.00 303.47 65.17 18.52
1692,721,0.444506 621.46 215.39 8.86 39.56
1693,722,0.459719 835.33 994.94 22.10 26.81
1694,723,0.452534 22.40 858.03 115.12 12.29 0.232756 474.22 938.33 29.44 13.85
1695,724,0.352070 916.03 1001.55 25.70 10.22
1696,725,0.666639 866.27 717.79 72.98 38.61
1697,726, 
1698,727,0.334723 881.57 843.75 23.96 26.49
1699,728,0.589601 45.36 85.46 14.97 53.47 0.274284 70.21 451.40 40.86 19.10
1700,729, 
1701,73,0.247202 769.55 918.94 11.48 44.26
1702,730,0.552114 1.20 962.18 43.19 16.09 0.343612 1003.29 614.02 18.21 19.92
1703,731,0.437238 471.40 245.24 21.70 22.46 0.323621 15.04 503.31 56.14 42.77 0.288597 71.13 915.25 19.68 39.50
1704,732,0.433459 37.78 725.28 29.92 59.75
1705,733,0.327928 291.61 653.28 52.28 72.64
1706,734,0.665357 818.31 617.60 43.91 11.89 0.210905 502.82 368.22 31.57 44.02 0.203850 514.69 386.12 19.43 26.83
1707,735,0.390085 860.83 578.88 31.94 37.06 0.389748 114.16 581.34 23.10 55.38 0.306192 54.65 566.99 28.46 13.59
1708,736,0.371124 450.11 730.00 32.47 16.50
1709,737, 
1710,738,0.581646 897.21 377.88 51.90 32.49 0.575308 365.48 495.55 45.14 36.79
1711,739,0.419144 35.24 967.47 11.34 38.29
1712,74,0.546734 141.00 370.39 42.24 39.60
1713,740,0.266512 21.34 1.22 26.84 49.68
1714,741, 
1715,742, 
1716,743, 
1717,744,0.512593 410.96 783.43 43.82 73.74
1718,745, 
1719,746,0.252419 330.52 780.59 55.26 8.61
1720,747, 
1721,748,0.545433 265.95 898.29 16.87 20.31 0.368155 245.09 267.80 24.74 74.18
1722,749, 
1723,75,0.624520 444.88 82.08 8.13 53.68 0.375390 286.39 810.14 41.47 28.53 0.328645 195.82 181.53 26.31 41.23
1724,750,0.488413 119.81 585.73 44.24 46.65
1725,751,0.244068 271.67 788.41 79.13 47.79
1726,752,0.267468 418.38 256.77 36.24 53.12
1727,753, 
1728,754,0.644867 463.08 848.44 105.70 83.23 0.282370 840.12 998.76 71.69 19.01
1729,755,0.225169 22.63 212.29 21.35 56.96
1730,756,0.260139 781.07 409.61 55.99 14.47
1731,757, 
1732,758, 
1733,759, 
1734,76,0.423345 763.87 562.42 30.43 51.54 0.257442 430.45 525.96 24.91 33.72 0.245500 236.02 643.12 32.95 16.45
1735,760, 
1736,761,0.383850 990.53 384.35 9.44 48.65
1737,762, 
1738,763,0.527688 270.37 856.97 27.32 45.42
1739,764,0.349089 361.56 687.63 50.21 11.23
1740,765,0.564582 366.78 857.64 35.71 41.30
1741,766, 
1742,767,0.207082 942.27 954.41 30.00 59.66
1743,768, 
1744,769, 
1745,77, 
1746,770, 
1747,771, 
1748,772,0.210124 215.54 688.73 26.80 40.55
1749,773,0.256206 115.42 510.95 21.11 44.80
1750,774, 
1751,775,0.812043 732.96 639.99 54.44 32.33 0.235794 139.96 648.72 19.06 27.14
1752,776, 
1753,777,0.627592 813.85 474.10 38.57 44.84 0.535353 308.52 451.26 33.60 35.84 0.447072 246.30 52.75 52.91 31.74
1754,778, 
1755,779, 
1756,78, 
1757,780, 
1758,781,0.409916 814.38 37.12 8.91 47.99
1759,782,0.620973 6.15 178.30 30.97 49.61 0.307676 111.92 6.54 40.04 38.76
1760,783,0.522751 589.88 934.35 49.12 14.69 0.248323 972.60 389.84 34.80 74.66
1761,784, 
1762,785, 
1763,786, 
1764,787,0.234982 48.80 937.31 53.55 34.35
1765,788,0.676410 663.79 779.86 27.18 53.56 0.603681 463.99 552.04 17.13 25.88
1766,789, 
1767,79,0.482902 853.46 34.39 63.30 20.96 0.464075 988.80 536.81 31.30 43.29 0.362529 343.57 319.50 38.62 62.06
1768,790, 
1769,791, 
1770,792, 
1771,793,0.283344 281.90 867.94 42.25 37.25
1772,794,0.392040 589.14 752.60 57.45 67.10
1773,795, 
1774,796,0.413248 443.40 168.61 38.83 11.65
1775,797,0.214926 589.12 347.78 23.14 24.55
1776,798,0.426980 464.24 426.36 108.25 38.82 0.209158 845.09 753.94 37.80 37.93
1777,799, 
1778,8, 
1779,80, 
1780,800,0.512878 854.36 146.05 36.00 13.42
1781,801,0.360021 138.61 548.60 12.17 56.36 0.280673 387.50 52.41 19.44 37.39
1782,802,0.422235 515.00 6.00 40.07 46.61
1783,803,0.506847 640.80 335.89 21.37 55.97
1784,804, 
1785,805,0.621415 972.50 506.33 31.70 55.77 0.563821 535.24 591.77 10.32 45.52
1786,806,0.348228 474.94 729.10 32.09 41.27
1787,807,0.328183 148.80 191.38 14.25 31.87
1788,808, 
1789,809, 
1790,81,0.254228 680.39 886.81 42.80 30.68 0.206053 782.44 239.71 24.11 21.20
1791,810,0.363244 868.54 759.86 50.96 43.28 0.295136 222.94 415.32 76.23 20.56 0.218977 176.95 444.94 22.52 46.79
1792,811, 
1793,812,0.610231 352.44 482.90 10.40 80.82 0.203914 393.62 72.73 41.86 33.53
1794,813, 
1795,814,0.432053 843.05 841.07 42.97 40.07
1796,815,0.223289 41.91 723.34 17.48 49.76
1797,816, 
1798,817, 
1799,818, 
1800,819,0.652925 966.80 510.02 9.94 53.63
1801,82, 
1802,820,0.380611 635.66 947.11 17.29 44.46 0.202030 509.10 529.94 23.89 10.76
1803,821,0.413485 137.09 841.77 57.65 15.38
1804,822,0.347429 625.19 396.97 19.78 29.34
1805,823,0.704086 755.30 263.39 37.43 45.74 0.511237 899.61 392.93 38.94 16.99 0.472151 653.28 603.43 54.92 19.53
1806,824, 
1807,825,0.283933 769.96 462.99 27.54 55.05
1808,826, 
1809,827, 
1810,828, 
1811,829,0.371215 677.01 778.53 49.94 16.63
1812,83, 
1813,830, 
1814,831,0.448339 626.02 91.56 53.99 29.21
1815,832, 
1816,833,0.643621 937.42 209.86 8.35 51.92
1817,834,0.257530 680.39 26.95 8.99 28.06
1818,835,0.267096 525.59 405.11 26.61 48.45
1819,836,0.308488 59.55 596.97 45.16 30.92 0.234657 448.51 691.36 40.40 16.21
1820,837, 
1821,838, 
1822,839,0.213015 859.73 720.59 20.43 25.35
1823,84, 
1824,840, 
1825,841,0.218539 598.59 857.21 42.20 9.21
1826,842,0.297647 884.61 735.44 28.81 42.92
1827,843,0.460524 130.16 870.77 37.06 56.34
1828,844, 
1829,845, 
1830,846,0.349208 466.06 987.80 37.15 12.18
1831,847, 
1832,848, 
1833,849, 
1834,85, 
1835,850, 
1836,851,0.437439 23.43 141.38 20.94 87.79 0.330684 904.26 381.23 44.46 39.53 0.246754 305.01 924.92 35.59 31.96
1837,852, 
1838,853,0.496389 524.99 852.93 20.47 21.98 0.371092 649.41 812.08 27.65 10.64
1839,854,0.296855 837.27 255.46 28.53 66.24
1840,855,0.719522 189.52 801.10 58.02 31.69
1841,856, 
1842,857, 
1843,858,0.244061 291.09 657.56 35.17 40.61
1844,859,0.501834 834.20 537.92 16.41 28.25 0.291374 79.75 699.91 32.03 52.31
1845,86,0.430036 865.17 788.70 48.05 28.86
1846,860,0.440960 125.27 663.48 47.02 32.37 0.222712 709.73 599.92 40.61 39.13 0.202643 381.23 243.78 41.48 35.36
1847,861, 
1848,862, 
1849,863,0.443306 674.58 277.71 49.30 23.34
1850,864, 
1851,865,0.508048 184.96 487.02 35.92 64.15 0.369902 511.69 566.71 50.78 24.11
1852,866, 
1853,867,0.403898 12.84 53.10 53.33 33.30 0.348577 688.74 324.48 57.52 36.36
1854,868, 
1855,869,0.428951 546.52 956.61 40.76 62.75
1856,87,0.419401 542.81 434.23 17.11 30.92 0.413397 972.58 712.62 14.65 51.14
1857,870, 
1858,871, 
1859,872, 
1860,873, 
1861,874,0.432162 515.19 207.54 60.52 10.35
1862,875,0.449744 419.53 5.13 22.57 16.72
1863,876,0.568432 475.67 431.58 64.20 29.37
1864,877,0.378751 329.05 194.21 64.56 70.09
1865,878,0.664088 97.89 259.87 119.83 19.69 0.456712 109.69 797.45 31.22 37.95
1866,879, 
1867,88, 
1868,880, 
1869,881,0.324479 645.91 586.18 31.97 58.63
1870,882,0.626442 973.43 66.23 31.09 63.09
1871,883, 
1872,884,0.517623 753.31 671.29 10.16 56.35
1873,885,0.648199 248.55 747.50 11.78 42.44
1874,886, 
1875,887, 
1876,888,0.338346 0.00 963.91 36.41 18.85
1877,889, 
1878,89, 
1879,890,0.300267 70.63 916.46 8.35 28.77
1880,891,0.471750 805.25 174.20 11.32 50.82
1881,892,0.429870 156.49 996.54 52.85 24.43
1882,893,0.250408 509.42 588.61 13.84 64.68
1883,894, 
1884,895,0.269922 280.16 930.38 11.77 39.40
1885,896, 
1886,897,0.369054 645.90 731.39 67.92 24.25
1887,898,0.370297 350.57 961.26 36.16 40.29 0.302071 85.51 686.75 49.69 22.10
1888,899,0.504398 761.05 309.12 38.58 38.50
1889,9,0.378350 596.23 912.02 28.21 62.84
1890,90, 
1891,900, 
1892,901,0.319995 213.20 808.44 8.93 61.58
1893,902,0.504364 938.03 45.54 12.31 36.28
1894,903,0.366587 727.58 465.91 17.19 33.00 0.299096 726.74 449.21 23.15 52.11
1895,904,0.523660 250.06 978.44 17.87 25.16
1896,905,0.762719 930.44 105.33 67.28 39.76 0.239578 810.15 867.74 12.74 45.38
1897,906, 
1898,907, 
1899,908,0.574521 862.42 230.04 40.44 14.43
1900,909,0.358985 67.40 163.78 12.97 28.57 0.268752 521.59 511.60 45.87 30.40 0.256902 231.30 761.94 56.92 45.73 0.239815 42.16 1007.09 27.33 15.97
1901,91,0.244730 423.69 159.71 29.63 63.99
1902,910,0.305877 43.19 820.45 10.01 33.74
1903,911, 
1904,912, 
1905,913, 
1906,914,0.282307 491.71 916.78 21.26 35.95
1907,915,0.246059 94.96 227.32 26.02 42.11
1908,916,0.271465 736.99 764.79 37.62 13.75
1909,917, 
1910,918, 
1911,919, 
1912,92,0.212581 710.91 548.67 41.04 15.05
1913,920,0.280608 209.69 959.76 22.73 26.97
1914,921, 
1915,922,0.541315 840.81 15.99 83.02 53.63
1916,923,0.200607 0.00 800.06 22.85 11.49
1917,924,0.565042 229.93 487.55 29.25 43.17
1918,925, 
1919,926,0.530296 483.90 642.65 12.66 30.16 0.201991 669.64 100.68 11.61 40.00
1920,927,0.218402 815.16 764.62 58.44 17.33
1921,928,0.342206 21.73 475.63 29.49 14.34
1922,929, 
1923,93,0.375731 806.39 128.34 21.86 16.95
1924,930, 
1925,931, 
1926,932, 
1927,933, 
1928,934,0.544252 987.51 476.41 31.69 14.58
1929,935,0.335508 166.25 761.10 24.54 18.76
1930,936, 
1931,937, 
1932,938, 
1933,939, 
1934,94,0.311357 753.64 284.24 83.07 9.58 0.305936 910.95 297.88 27.19 12.24 0.250321 188.71 905.25 43.71 33.08 0.250106 321.75 318.21 9.76 48.26
1935,940,0.601812 955.46 230.27 40.40 8.95
1936,941, 
1937,942, 
1938,943,0.286734 128.59 592.68 48.78 8.52
1939,944, 
1940,945, 
1941,946,0.532639 447.79 864.58 88.20 34.88 0.341833 248.72 923.30 13.56 24.05
1942,947, 
1943,948, 
1944,949,0.395636 44.10 608.98 35.56 37.95
1945,95,0.474153 731.81 17.76 16.22 25.31
1946,950, 
1947,951,0.203989 784.66 623.37 51.43 8.79
1948,952, 
1949,953, 
1950,954,0.443259 316.96 981.23 45.27 38.32 0.421959 86.36 839.19 49.69 16.68 0.235295 533.62 862.54 30.85 49.79 0.204826 477.40 461.20 37.42 34.75
1951,955, 
1952,956, 
1953,957, 
1954,958, 
1955,959, 
1956,96,0.653073 119.41 467.55 43.11 55.53 0.442406 488.48 393.19 32.23 10.20
1957,960, 
1958,961,0.352639 179.91 397.69 53.13 38.97 0.278465 229.16 472.86 19.23 28.08
1959,962, 
1960,963,0.345658 810.09 258.07 50.72 26.81
1961,964, 
1962,965,0.342380 427.08 126.37 44.76 52.40
1963,966, 
1964,967,0.290417 570.81 957.92 51.37 21.18
1965,968,0.225538 337.84 35.81 56.97 20.98
1966,969,0.351569 186.55 859.31 37.28 30.88 0.269782 573.71 971.32 51.41 8.89
1967,97,0.398346 840.38 603.43 36.10 36.27 0.325922 29.67 588.93 36.50 14.71 0.260621 479.31 102.12 10.49 28.22
1968,970, 
1969,971, 
1970,972, 
1971,973,0.642981 828.37 819.59 55.71 37.51
1972,974,0.432386 751.58 281.39 30.40 10.56
1973,975,0.508930 2.58 597.11 38.62 32.41 0.448510 871.69 912.37 24.45 23.94
1974,976,0.212375 620.11 909.21 12.91 62.80 0.209598 118.80 482.47 10.95 45.17
1975,977,0.347134 265.63 533.83 28.37 49.14
1976,978,0.359094 104.88 2.25 29.84 37.65 0.330502 280.96 554.23 55.24 32.15
1977,979, 
1978,98, 
1979,980,0.564921 265.91 717.93 55.20 27.70
1980,981,0.586208 540.86 954.84 24.93 54.18 0.240253 593.45 441.54 44.89 49.28
1981,982, 
1982,983, 
1983,984,0.429900 15.58 403.03 17.09 60.96
1984,985,0.407935 506.74 388.00 38.92 43.14
1985,986,0.279400 493.18 575.05 66.69 14.52
1986,987, 
1987,988,0.489342 311.69 868.95 18.06 23.79 0.404359 25.65 430.29 21.50 50.23 0.246772 111.54 426.40 9.46 33.23
1988,989, 
1989,99, 
1990,990,0.537910 285.06 933.40 34.22 79.35
1991,991, 
1992,992,0.418608 523.16 63.74 24.58 47.52
1993,993, 
1994,994,0.358706 914.78 810.76 18.24 25.25 0.291320 120.46 903.71 34.88 43.11
1995,995,0.237742 416.39 644.85 43.81 89.16
1996,996, 
1997,997, 
1998,998,0.566443 775.91 299.07 24.72 17.81
1999,999,0.322692 3.99 585.73 30.56 39.14 0.205649 565.45 572.60 13.05 22.78
